table	guest_number	guest_type	dish	timestamp
1	1	man	213	12:01:13.420618
1	1	man	240	12:01:13.420665
1	1	man	97	12:01:13.420732
1	2	woman	207	12:01:13.420761
1	2	woman	159	12:01:13.420778
1	2	woman	135	12:01:13.420803
1	3	man	234	12:01:13.420834
1	3	man	250	12:01:13.420847
1	3	man	99	12:01:13.420877
1	4	man	216	12:01:13.420896
1	4	man	251	12:01:13.420909
1	4	man	6	12:01:13.420931
1	5	woman	114	12:01:13.420949
1	5	woman	441	12:01:13.420987
1	6	man	234	12:01:13.421009
1	6	man	263	12:01:13.421023
1	6	man	246	12:01:13.421036
1	7	woman	53	12:01:13.421051
1	7	woman	55	12:01:13.421063
2	1	woman	247	12:01:50.348962
2	1	woman	144	12:01:50.349063
2	1	woman	192	12:01:50.349091
2	1	woman	298	12:01:50.349154
2	2	man	224	12:01:50.349189
2	2	man	246	12:01:50.349208
2	2	man	341	12:01:50.349240
2	3	man	229	12:01:50.349269
2	3	man	256	12:01:50.349286
2	3	man	100	12:01:50.349345
2	4	woman	238	12:01:50.349395
2	4	woman	265	12:01:50.349413
2	4	woman	118	12:01:50.349434
2	5	woman	237	12:01:50.349456
2	5	woman	265	12:01:50.349471
2	5	woman	138	12:01:50.349487
2	6	man	192	12:01:50.349509
2	6	man	30	12:01:50.349525
2	6	man	162	12:01:50.349541
2	7	woman	125	12:01:50.349570
2	7	woman	334	12:01:50.349600
2	8	man	225	12:01:50.349622
2	8	man	191	12:01:50.349640
2	8	man	89	12:01:50.349654
2	9	man	218	12:01:50.349676
2	9	man	251	12:01:50.349692
2	9	man	315	12:01:50.349721
2	10	man	219	12:01:50.349744
2	10	man	254	12:01:50.349760
2	10	man	72	12:01:50.349833
2	11	woman	58	12:01:50.349881
2	11	woman	56	12:01:50.349904
3	1	man	217	12:02:29.306449
3	1	man	243	12:02:29.306551
3	1	man	102	12:02:29.306627
3	2	man	222	12:02:29.306660
3	2	man	252	12:02:29.306679
3	2	man	89	12:02:29.306713
4	1	woman	204	12:03:08.479625
4	1	woman	167	12:03:08.479727
4	1	woman	123	12:03:08.479763
4	2	man	233	12:03:08.479789
4	2	man	262	12:03:08.479806
5	1	woman	71	12:03:47.873602
5	1	woman	258	12:03:47.873689
5	2	man	211	12:03:47.873721
5	2	man	202	12:03:47.873740
5	2	man	87	12:03:47.873794
5	3	man	222	12:03:47.873815
5	3	man	158	12:03:47.873829
5	3	man	109	12:03:47.873840
5	4	man	224	12:03:47.873859
5	4	man	255	12:03:47.873873
5	4	man	390	12:03:47.873918
5	5	man	221	12:03:47.873958
5	5	man	245	12:03:47.873971
5	5	man	94	12:03:47.873994
5	6	woman	154	12:03:47.874013
5	6	woman	161	12:03:47.874025
5	6	woman	366	12:03:47.874048
5	7	child	445	12:03:47.874071
5	7	child	467	12:03:47.874088
5	8	man	227	12:03:47.874130
5	8	man	250	12:03:47.874144
5	8	man	108	12:03:47.874171
6	1	woman	118	12:04:28.892335
6	1	woman	144	12:04:28.892434
6	2	man	223	12:04:28.892475
6	2	man	158	12:04:28.892498
6	2	man	109	12:04:28.892515
6	3	woman	254	12:04:28.892543
6	3	woman	140	12:04:28.892559
6	3	woman	195	12:04:28.892577
6	3	woman	343	12:04:28.892644
6	4	man	208	12:04:28.892672
6	4	man	154	12:04:28.892691
6	4	man	105	12:04:28.892729
6	5	woman	236	12:04:28.892754
6	5	woman	266	12:04:28.892771
6	5	woman	123	12:04:28.892791
6	6	man	217	12:04:28.892816
6	6	man	250	12:04:28.892831
6	6	man	42	12:04:28.892885
6	7	man	238	12:04:28.892908
6	7	man	198	12:04:28.892922
6	7	man	19	12:04:28.892937
6	8	man	196	12:04:28.892958
6	8	man	30	12:04:28.892972
6	8	man	160	12:04:28.892987
6	9	woman	237	12:04:28.893010
6	9	woman	240	12:04:28.893025
6	9	woman	365	12:04:28.893056
6	10	man	217	12:04:28.893078
6	10	man	254	12:04:28.893093
6	10	man	358	12:04:28.893122
7	1	man	233	12:05:12.218892
7	1	man	260	12:05:12.218989
7	1	man	248	12:05:12.219013
7	2	woman	163	12:05:12.219040
7	2	woman	340	12:05:12.219096
8	1	man	217	12:05:55.814506
8	1	man	252	12:05:55.814617
8	1	man	15	12:05:55.814691
8	2	woman	252	12:05:55.814723
8	2	woman	139	12:05:55.814745
8	2	woman	195	12:05:55.814764
8	2	woman	384	12:05:55.814814
9	1	man	233	12:06:39.693673
9	1	man	258	12:06:39.693777
9	2	woman	159	12:06:39.693824
9	2	woman	290	12:06:39.693850
9	2	woman	122	12:06:39.693871
10	1	woman	159	12:07:23.856520
10	1	woman	202	12:07:23.856613
10	1	woman	392	12:07:23.856678
10	2	man	237	12:07:23.856707
10	2	man	244	12:07:23.856725
10	2	man	91	12:07:23.856774
10	3	woman	156	12:07:23.856795
10	3	woman	201	12:07:23.856809
10	3	woman	377	12:07:23.856833
11	1	man	213	12:08:08.605897
11	1	man	240	12:08:08.606004
11	1	man	96	12:08:08.606083
11	2	woman	65	12:08:08.606116
11	2	woman	76	12:08:08.606136
11	3	man	225	12:08:08.606162
11	3	man	186	12:08:08.606182
11	3	man	96	12:08:08.606197
11	4	woman	253	12:08:08.606222
11	4	woman	135	12:08:08.606242
11	4	woman	202	12:08:08.606258
11	4	woman	329	12:08:08.606311
11	5	man	213	12:08:08.606333
11	5	man	192	12:08:08.606348
11	5	man	29	12:08:08.606379
12	1	man	234	12:08:54.579640
12	1	man	262	12:08:54.579741
12	1	man	255	12:08:54.579772
12	2	man	239	12:08:54.579802
12	2	man	193	12:08:54.579823
12	2	man	18	12:08:54.579839
13	1	man	216	12:09:40.872347
13	1	man	243	12:09:40.872443
13	1	man	92	12:09:40.872517
13	2	man	233	12:09:40.872573
13	2	man	261	12:09:40.872594
13	3	man	200	12:09:40.872621
13	3	man	203	12:09:40.872639
13	3	man	70	12:09:40.872671
13	4	man	239	12:09:40.872697
13	4	man	195	12:09:40.872712
13	4	man	18	12:09:40.872725
13	5	woman	237	12:09:40.872751
13	5	woman	356	12:09:40.872805
13	5	woman	157	12:09:40.872824
13	6	man	215	12:09:40.872844
13	6	man	253	12:09:40.872859
13	6	man	68	12:09:40.872888
13	7	woman	67	12:09:40.872910
13	7	woman	261	12:09:40.872925
13	8	man	229	12:09:40.872946
13	8	man	245	12:09:40.872961
13	8	man	82	12:09:40.872991
13	9	man	224	12:09:40.873036
13	9	man	241	12:09:40.873052
13	9	man	383	12:09:40.873083
13	10	man	234	12:09:40.873104
13	10	man	262	12:09:40.873119
13	10	man	246	12:09:40.873147
13	11	man	192	12:09:40.873179
13	11	man	30	12:09:40.873191
13	11	man	162	12:09:40.873201
14	1	man	231	12:10:30.648181
14	1	man	251	12:10:30.648283
14	1	man	42	12:10:30.648356
14	2	woman	172	12:10:30.648390
14	2	woman	55	12:10:30.648408
14	2	woman	124	12:10:30.648432
14	3	man	202	12:10:30.648458
14	3	man	30	12:10:30.648473
14	3	man	159	12:10:30.648492
14	4	woman	223	12:10:30.648515
14	4	woman	71	12:10:30.648530
14	5	woman	206	12:10:30.648553
14	5	woman	201	12:10:30.648568
14	5	woman	410	12:10:30.648618
15	1	woman	235	13:49:49.833481
15	1	woman	434	13:49:49.833652
15	1	woman	166	13:49:49.833689
15	2	man	228	13:49:49.833729
15	2	man	250	13:49:49.833757
15	2	man	34	13:49:49.833833
16	1	man	234	13:49:54.683761
16	1	man	258	13:49:54.683832
16	1	man	252	13:49:54.683855
16	2	woman	65	13:49:54.683883
16	2	woman	70	13:49:54.683899
17	1	woman	173	14:25:02.224819
17	1	woman	59	14:25:02.224927
17	1	woman	114	14:25:02.224970
17	2	man	198	14:25:02.225015
17	2	man	30	14:25:02.225041
17	2	man	164	14:25:02.225075
18	1	man	225	14:25:19.873994
18	1	man	186	14:25:19.874061
18	1	man	92	14:25:19.874084
18	2	woman	165	14:25:19.874113
18	2	woman	198	14:25:19.874131
18	2	woman	304	14:25:19.874178
19	1	man	235	14:25:37.580555
19	1	man	245	14:25:37.580645
19	1	man	46	14:25:37.580709
19	2	man	235	14:25:37.580736
19	2	man	241	14:25:37.580774
19	2	man	33	14:25:37.580798
19	3	woman	63	14:25:37.580819
19	3	woman	76	14:25:37.580833
19	4	man	224	14:25:37.580853
19	4	man	186	14:25:37.580867
19	4	man	91	14:25:37.580878
19	5	man	238	14:25:37.580893
19	5	man	240	14:25:37.580904
19	5	man	86	14:25:37.580927
19	6	man	217	14:25:37.580944
19	6	man	245	14:25:37.580956
19	6	man	384	14:25:37.580997
20	1	man	204	15:39:19.715977
20	1	man	150	15:39:19.716080
20	1	man	106	15:39:19.716108
20	2	man	220	15:39:19.716139
20	2	man	248	15:39:19.716163
20	2	man	103	15:39:19.716238
20	3	man	177	15:39:19.716269
20	3	man	210	15:39:19.716288
20	3	man	21	15:39:19.716322
20	4	woman	53	15:39:19.716346
20	4	woman	76	15:39:19.716363
20	5	man	222	15:39:19.716387
20	5	man	254	15:39:19.716406
20	5	man	87	15:39:19.716504
21	1	man	234	15:39:23.722134
21	1	man	245	15:39:23.722236
21	1	man	20	15:39:23.722308
21	2	woman	237	15:39:23.722342
21	2	woman	265	15:39:23.722361
21	2	woman	121	15:39:23.722385
21	3	woman	230	15:39:23.722410
21	3	woman	245	15:39:23.722427
21	3	woman	56	15:39:23.722443
21	4	man	221	15:39:23.722466
21	4	man	256	15:39:23.722482
21	4	man	19	15:39:23.722999
21	5	man	217	15:39:23.723093
21	5	man	254	15:39:23.723172
21	5	man	432	15:39:23.723288
21	6	woman	223	15:39:23.723338
21	6	woman	68	15:39:23.723357
21	7	man	234	15:39:23.723381
21	7	man	242	15:39:23.723397
21	7	man	39	15:39:23.723429
21	8	man	236	15:39:23.723454
21	8	man	192	15:39:23.723470
21	8	man	19	15:39:23.723483
22	1	woman	116	16:25:14.197103
22	1	woman	138	16:25:14.197203
22	2	man	234	16:25:14.197244
22	2	man	262	16:25:14.197306
22	2	man	241	16:25:14.197348
22	3	woman	204	16:25:14.197390
22	3	woman	162	16:25:14.197417
22	3	woman	120	16:25:14.197445
22	4	man	210	16:25:14.197553
22	4	man	155	16:25:14.197604
22	4	man	108	16:25:14.197630
23	1	man	233	16:25:25.122436
23	1	man	244	16:25:25.122533
23	1	man	58	16:25:25.122608
23	2	man	222	16:25:25.122640
23	2	man	245	16:25:25.122659
23	2	man	77	16:25:25.122674
23	3	woman	208	16:25:25.122699
23	3	woman	156	16:25:25.122718
23	3	woman	132	16:25:25.122740
24	1	woman	168	17:44:44.117600
24	1	woman	378	17:44:44.117755
24	2	man	238	17:44:44.117806
24	2	man	255	17:44:44.117837
24	2	man	15	17:44:44.118018
25	1	man	219	21:50:59.788309
25	1	man	247	21:50:59.788402
25	1	man	346	21:50:59.788476
25	2	man	204	21:50:59.788511
25	2	man	155	21:50:59.789942
25	2	man	106	21:50:59.790015
25	3	man	197	21:50:59.790563
25	3	man	210	21:50:59.790717
25	3	man	101	21:50:59.790793
26	1	man	237	22:59:00.148326
26	1	man	245	22:59:00.148408
26	1	man	13	22:59:00.148454
26	2	woman	174	22:59:00.148479
26	2	woman	53	22:59:00.148491
26	2	woman	133	22:59:00.148506
27	1	man	224	22:59:00.237456
27	1	man	188	22:59:00.237910
27	1	man	90	22:59:00.237952
27	2	man	223	22:59:00.237980
27	2	man	162	22:59:00.237992
27	2	man	111	22:59:00.238001
28	1	woman	146	22:59:00.320800
28	1	woman	167	22:59:00.320860
28	1	woman	321	22:59:00.321912
28	2	man	172	22:59:00.322379
28	2	man	206	22:59:00.323122
28	2	man	15	22:59:00.323181
29	1	man	170	22:59:00.388973
29	1	man	206	22:59:00.389038
29	1	man	8	22:59:00.389096
30	1	man	217	22:59:00.456229
30	1	man	249	22:59:00.456330
30	1	man	89	22:59:00.456379
30	2	man	212	22:59:00.456401
30	2	man	193	22:59:00.456413
30	2	man	86	22:59:00.456432
30	3	man	216	22:59:00.456444
30	3	man	243	22:59:00.456454
30	3	man	69	22:59:00.456469
30	4	man	221	22:59:00.456480
30	4	man	246	22:59:00.456490
30	4	man	4	22:59:00.456509
30	5	woman	64	22:59:00.456524
30	5	woman	264	22:59:00.456534
30	6	man	213	22:59:00.456549
30	6	man	256	22:59:00.456561
30	6	man	94	22:59:00.456701
30	7	man	234	22:59:00.456731
30	7	man	259	22:59:00.456741
30	7	man	252	22:59:00.456749
30	8	man	225	22:59:00.456763
30	8	man	246	22:59:00.456773
30	8	man	353	22:59:00.456840
31	1	man	215	22:59:00.570035
31	1	man	201	22:59:00.570089
31	1	man	56	22:59:00.570133
31	2	woman	222	22:59:00.570151
31	2	woman	76	22:59:00.570162
32	1	man	231	22:59:00.636556
32	1	man	188	22:59:00.636673
32	1	man	99	22:59:00.636703
32	1	man	95	22:59:00.636718
32	2	man	233	22:59:00.636738
32	2	man	241	22:59:00.636753
32	2	man	17	22:59:00.636794
33	1	man	233	22:59:00.711408
33	1	man	253	22:59:00.711465
33	1	man	19	22:59:00.711524
33	2	woman	201	22:59:00.711552
33	2	woman	293	22:59:00.711589
33	3	woman	167	22:59:00.711629
33	3	woman	196	22:59:00.711659
33	3	woman	410	22:59:00.711691
34	1	man	233	22:59:00.781415
34	1	man	259	22:59:00.781470
34	1	man	248	22:59:00.781484
34	2	woman	70	22:59:00.781500
34	2	woman	70	22:59:00.781509
34	3	man	198	22:59:00.781522
34	3	man	30	22:59:00.781531
34	3	man	159	22:59:00.781539
34	4	man	233	22:59:00.781549
34	4	man	260	22:59:00.781556
34	4	man	246	22:59:00.781564
34	5	woman	226	22:59:00.781574
34	5	woman	252	22:59:00.781582
34	5	woman	53	22:59:00.781590
34	6	woman	74	22:59:00.781600
34	6	woman	63	22:59:00.781656
35	1	woman	195	22:59:00.848820
35	1	woman	302	22:59:00.848895
35	2	man	227	22:59:00.848915
35	2	man	184	22:59:00.848927
35	2	man	102	22:59:00.848937
35	2	man	92	22:59:00.848946
35	3	man	221	22:59:00.848958
35	3	man	245	22:59:00.848968
35	3	man	45	22:59:00.849000
35	4	man	192	22:59:00.849013
35	4	man	30	22:59:00.849021
35	4	man	162	22:59:00.849091
36	1	man	197	22:59:00.917662
36	1	man	207	22:59:00.917718
36	1	man	42	22:59:00.917859
36	2	woman	62	22:59:00.917893
36	2	woman	62	22:59:00.917906
37	1	woman	159	22:59:00.985696
37	1	woman	143	22:59:00.985878
37	2	woman	170	22:59:00.985952
37	2	woman	53	22:59:00.985973
37	2	woman	130	22:59:00.985991
38	1	man	171	22:59:01.053768
38	1	man	210	22:59:01.053824
38	1	man	31	22:59:01.053867
38	2	man	215	22:59:01.053908
38	2	man	200	22:59:01.053924
38	2	man	7	22:59:01.053970
39	1	man	199	22:59:01.120692
39	1	man	204	22:59:01.120739
39	1	man	1	22:59:01.120807
39	2	man	223	22:59:01.120844
39	2	man	249	22:59:01.120858
39	2	man	105	22:59:01.120875
40	1	child	452	22:59:01.187611
40	1	child	462	22:59:01.187667
40	1	child	467	22:59:01.187683
40	2	man	234	22:59:01.187707
40	2	man	263	22:59:01.187723
40	2	man	247	22:59:01.187738
41	1	man	218	22:59:01.254861
41	1	man	256	22:59:01.254922
41	1	man	89	22:59:01.254970
41	2	man	234	22:59:01.254997
41	2	man	260	22:59:01.255011
42	1	man	212	22:59:01.322266
42	1	man	242	22:59:01.322321
42	1	man	34	22:59:01.322366
42	2	man	219	22:59:01.322388
42	2	man	248	22:59:01.322402
42	2	man	36	22:59:01.322422
42	3	woman	168	22:59:01.322441
42	3	woman	133	22:59:01.322453
42	4	man	198	22:59:01.322468
42	4	man	30	22:59:01.322478
42	4	man	160	22:59:01.322487
42	5	woman	168	22:59:01.322502
42	5	woman	138	22:59:01.322513
43	1	man	229	22:59:01.390044
43	1	man	190	22:59:01.390092
43	1	man	98	22:59:01.390106
43	1	man	90	22:59:01.390115
43	2	woman	163	22:59:01.390128
43	2	woman	279	22:59:01.390138
43	2	woman	122	22:59:01.390145
43	3	man	234	22:59:01.390159
43	3	man	257	22:59:01.390167
43	3	man	248	22:59:01.390174
43	4	woman	64	22:59:01.390183
43	4	woman	257	22:59:01.390194
43	5	man	221	22:59:01.390204
43	5	man	245	22:59:01.390210
43	5	man	334	22:59:01.390240
43	6	woman	156	22:59:01.390256
43	6	woman	420	22:59:01.390268
43	7	woman	238	22:59:01.390278
43	7	woman	253	22:59:01.390284
43	7	woman	289	22:59:01.390293
43	8	woman	205	22:59:01.390301
43	8	woman	168	22:59:01.390307
43	8	woman	143	22:59:01.390315
43	9	woman	124	22:59:01.390322
43	9	woman	421	22:59:01.390338
43	10	woman	165	22:59:01.390348
43	10	woman	135	22:59:01.390356
43	11	man	212	22:59:01.390368
43	11	man	196	22:59:01.390379
43	11	man	13	22:59:01.390405
43	12	man	209	22:59:01.390419
43	12	man	150	22:59:01.390425
43	12	man	105	22:59:01.390430
44	1	woman	237	22:59:01.458909
44	1	woman	436	22:59:01.459003
44	1	woman	166	22:59:01.459021
44	2	man	225	22:59:01.459039
44	2	man	189	22:59:01.459052
44	2	man	97	22:59:01.459063
45	1	man	233	22:59:01.527729
45	1	man	264	22:59:01.527784
45	1	man	256	22:59:01.527801
46	1	woman	156	22:59:01.596400
46	1	woman	280	22:59:01.596456
46	1	woman	128	22:59:01.596476
46	2	woman	209	22:59:01.596497
46	2	woman	194	22:59:01.596507
46	2	woman	302	22:59:01.596540
46	3	man	194	22:59:01.596560
46	3	man	209	22:59:01.596577
46	3	man	25	22:59:01.596608
46	4	woman	236	22:59:01.596629
46	4	woman	266	22:59:01.596642
46	4	woman	138	22:59:01.596656
46	5	woman	159	22:59:01.596667
46	5	woman	192	22:59:01.596674
46	5	woman	438	22:59:01.596702
46	6	man	225	22:59:01.596722
46	6	man	187	22:59:01.596730
46	6	man	90	22:59:01.596741
46	7	woman	121	22:59:01.596757
46	7	woman	365	22:59:01.596780
47	1	woman	238	22:59:01.665900
47	1	woman	294	22:59:01.665978
47	1	woman	166	22:59:01.665995
47	2	man	223	22:59:01.666010
47	2	man	166	22:59:01.666017
47	2	man	111	22:59:01.666023
47	3	man	212	22:59:01.666031
47	3	man	194	22:59:01.666038
47	3	man	44	22:59:01.666066
47	4	man	233	22:59:01.666078
47	4	man	260	22:59:01.666094
47	4	man	249	22:59:01.666102
47	5	woman	236	22:59:01.666115
47	5	woman	392	22:59:01.666139
47	5	woman	163	22:59:01.666148
48	1	woman	207	22:59:01.736158
48	1	woman	194	22:59:01.736215
48	1	woman	425	22:59:01.736262
48	2	man	223	22:59:01.736289
48	2	man	242	22:59:01.736304
48	2	man	36	22:59:01.736341
49	1	man	176	22:59:01.806227
49	1	man	208	22:59:01.806287
49	1	man	20	22:59:01.807702
49	2	man	228	22:59:01.807773
49	2	man	189	22:59:01.807794
49	2	man	99	22:59:01.807806
49	2	man	89	22:59:01.807818
49	3	man	233	22:59:01.807837
49	3	man	241	22:59:01.807852
49	3	man	57	22:59:01.807883
49	4	woman	205	22:59:01.807903
49	4	woman	164	22:59:01.807916
49	4	woman	138	22:59:01.807932
49	5	man	217	22:59:01.807949
49	5	man	250	22:59:01.807962
49	5	man	75	22:59:01.807986
49	6	woman	69	22:59:01.808005
49	6	woman	262	22:59:01.808017
50	1	man	195	22:59:01.878287
50	1	man	30	22:59:01.879063
50	1	man	156	22:59:01.879096
50	2	man	193	22:59:01.879170
50	2	man	30	22:59:01.879197
50	2	man	161	22:59:01.879212
51	1	woman	53	22:59:01.949979
51	1	woman	73	22:59:01.950054
51	2	woman	168	22:59:01.950105
51	2	woman	198	22:59:01.950127
51	2	woman	419	22:59:01.950168
52	1	man	226	22:59:02.022727
52	1	man	185	22:59:02.022792
52	1	man	100	22:59:02.022813
52	1	man	95	22:59:02.022827
52	2	man	233	22:59:02.022849
52	2	man	258	22:59:02.022862
52	2	man	243	22:59:02.022875
52	3	man	234	22:59:02.022891
52	3	man	257	22:59:02.022901
52	4	woman	241	22:59:02.022917
52	4	woman	137	22:59:02.022933
52	4	woman	199	22:59:02.022951
52	4	woman	317	22:59:02.022993
52	5	man	222	22:59:02.023013
52	5	man	246	22:59:02.023023
52	5	man	79	22:59:02.023033
52	6	man	239	22:59:02.023049
52	6	man	196	22:59:02.023060
52	6	man	19	22:59:02.023069
52	7	man	233	22:59:02.023086
52	7	man	261	22:59:02.023101
52	7	man	251	22:59:02.023113
52	8	woman	206	22:59:02.023129
52	8	woman	167	22:59:02.023141
52	8	woman	129	22:59:02.023156
52	9	woman	126	22:59:02.023172
52	9	woman	340	22:59:02.023202
52	10	man	212	22:59:02.023220
52	10	man	201	22:59:02.023233
52	10	man	49	22:59:02.023266
53	1	woman	153	22:59:02.094244
53	1	woman	156	22:59:02.094340
53	1	woman	407	22:59:02.094427
53	2	man	235	22:59:02.095795
53	2	man	253	22:59:02.095855
53	2	man	33	22:59:02.095913
54	1	woman	76	22:59:02.166657
54	1	woman	264	22:59:02.166719
54	2	man	224	22:59:02.166753
54	2	man	184	22:59:02.166769
54	2	man	92	22:59:02.166780
55	1	woman	206	22:59:02.237758
55	1	woman	167	22:59:02.237814
55	1	woman	134	22:59:02.237838
55	2	man	194	22:59:02.237861
55	2	man	30	22:59:02.237875
55	2	man	159	22:59:02.237887
56	1	woman	223	22:59:02.309277
56	1	woman	65	22:59:02.309359
56	2	woman	237	22:59:02.309494
56	2	woman	317	22:59:02.309590
56	2	woman	164	22:59:02.309615
57	1	man	222	22:59:02.380754
57	1	man	244	22:59:02.380811
57	1	man	50	22:59:02.380863
57	2	man	234	22:59:02.380884
57	2	man	247	22:59:02.380893
57	2	man	107	22:59:02.380910
57	3	man	237	22:59:02.380921
57	3	man	241	22:59:02.380932
57	3	man	52	22:59:02.380954
57	4	woman	195	22:59:02.380974
57	4	woman	377	22:59:02.381004
57	5	man	218	22:59:02.381020
57	5	man	245	22:59:02.381031
57	5	man	65	22:59:02.381049
57	6	man	206	22:59:02.381064
57	6	man	154	22:59:02.381073
57	6	man	107	22:59:02.381080
58	1	child	123	22:59:02.452512
58	1	child	469	22:59:02.452558
58	2	man	221	22:59:02.452578
58	2	man	249	22:59:02.452588
58	2	man	429	22:59:02.452618
58	3	man	233	22:59:02.452630
58	3	man	264	22:59:02.452638
58	3	man	250	22:59:02.452645
58	4	woman	120	22:59:02.452655
58	4	woman	398	22:59:02.452671
59	1	man	176	22:59:02.524863
59	1	man	205	22:59:02.524916
59	1	man	50	22:59:02.524962
59	2	woman	158	22:59:02.524985
59	2	woman	132	22:59:02.524997
59	3	man	213	22:59:02.525011
59	3	man	200	22:59:02.525022
59	3	man	1	22:59:02.525043
59	4	man	215	22:59:02.525057
59	4	man	241	22:59:02.525068
59	4	man	83	22:59:02.525086
59	5	man	233	22:59:02.525099
59	5	man	261	22:59:02.525108
59	5	man	252	22:59:02.525117
59	6	woman	198	22:59:02.525130
59	6	woman	287	22:59:02.525159
59	7	woman	195	22:59:02.525176
59	7	woman	423	22:59:02.525208
59	8	woman	243	22:59:02.525224
59	8	woman	135	22:59:02.525234
59	8	woman	196	22:59:02.525242
59	8	woman	388	22:59:02.525259
60	1	man	225	22:59:02.597989
60	1	man	253	22:59:02.598046
60	1	man	335	22:59:02.598085
60	2	man	223	22:59:02.598106
60	2	man	159	22:59:02.598118
60	2	man	111	22:59:02.598127
60	3	man	227	22:59:02.598140
60	3	man	248	22:59:02.598149
60	3	man	21	22:59:02.598179
61	1	man	196	22:59:02.671173
61	1	man	30	22:59:02.671228
61	1	man	159	22:59:02.671246
61	2	woman	235	22:59:02.671264
61	2	woman	242	22:59:02.671276
61	2	woman	381	22:59:02.671313
61	3	woman	208	22:59:02.671336
61	3	woman	156	22:59:02.671349
61	3	woman	144	22:59:02.671364
61	4	man	228	22:59:02.671379
61	4	man	245	22:59:02.671391
61	4	man	113	22:59:02.671425
61	5	woman	173	22:59:02.671447
61	5	woman	59	22:59:02.671457
61	5	woman	119	22:59:02.671467
61	6	woman	201	22:59:02.671481
61	6	woman	389	22:59:02.671501
61	7	man	222	22:59:02.671517
61	7	man	249	22:59:02.671528
61	7	man	78	22:59:02.671537
61	8	man	181	22:59:02.671552
61	8	man	207	22:59:02.671563
61	8	man	33	22:59:02.671582
61	9	woman	232	22:59:02.671622
61	9	woman	246	22:59:02.671637
61	9	woman	58	22:59:02.671647
61	10	woman	200	22:59:02.671657
61	10	woman	378	22:59:02.671669
62	1	woman	248	22:59:02.745766
62	1	woman	132	22:59:02.745841
62	1	woman	194	22:59:02.745857
62	1	woman	369	22:59:02.745904
62	2	man	226	22:59:02.745925
62	2	man	183	22:59:02.745937
62	2	man	103	22:59:02.745947
62	2	man	93	22:59:02.745957
63	1	woman	168	22:59:02.819943
63	1	woman	293	22:59:02.819992
63	1	woman	123	22:59:02.820005
64	1	man	214	22:59:02.894324
64	1	man	200	22:59:02.894380
64	1	man	68	22:59:02.894428
64	2	man	210	22:59:02.894450
64	2	man	146	22:59:02.894463
64	2	man	105	22:59:02.894473
65	1	child	445	22:59:02.968704
65	1	child	469	22:59:02.968753
65	2	woman	172	22:59:02.968775
65	2	woman	58	22:59:02.968783
65	2	woman	114	22:59:02.968794
65	3	woman	166	22:59:02.968804
65	3	woman	285	22:59:02.968834
65	4	woman	121	22:59:02.968847
65	4	woman	134	22:59:02.968855
65	5	woman	147	22:59:02.968864
65	5	woman	158	22:59:02.968873
65	5	woman	397	22:59:02.968890
65	6	man	222	22:59:02.968900
65	6	man	243	22:59:02.968907
65	6	man	71	22:59:02.968931
65	7	man	193	22:59:02.968940
65	7	man	30	22:59:02.968945
65	7	man	165	22:59:02.968950
66	1	man	224	22:59:03.043727
66	1	man	247	22:59:03.043778
66	1	man	328	22:59:03.043808
66	2	man	197	22:59:03.043823
66	2	man	204	22:59:03.043831
66	2	man	9	22:59:03.043853
67	1	man	222	22:59:03.117666
67	1	man	244	22:59:03.117726
67	1	man	46	22:59:03.117777
67	2	man	192	22:59:03.117802
67	2	man	207	22:59:03.117815
67	2	man	101	22:59:03.117839
68	1	woman	74	22:59:03.192186
68	1	woman	261	22:59:03.192244
68	2	man	234	22:59:03.192271
68	2	man	242	22:59:03.192287
68	2	man	44	22:59:03.192329
68	3	woman	223	22:59:03.192349
68	3	woman	70	22:59:03.192361
69	1	woman	223	22:59:03.266563
69	1	woman	62	22:59:03.266616
69	2	woman	172	22:59:03.266639
69	2	woman	54	22:59:03.266651
69	2	woman	127	22:59:03.266667
70	1	woman	204	22:59:03.340994
70	1	woman	195	22:59:03.341036
70	1	woman	320	22:59:03.341069
70	2	man	233	22:59:03.341084
70	2	man	261	22:59:03.341092
70	2	man	242	22:59:03.341099
71	1	man	223	22:59:03.415835
71	1	man	164	22:59:03.415887
71	1	man	109	22:59:03.415900
71	2	man	169	22:59:03.415919
71	2	man	206	22:59:03.415927
71	2	man	106	22:59:03.415958
72	1	woman	158	22:59:03.490805
72	1	woman	137	22:59:03.490924
72	2	man	234	22:59:03.490951
72	2	man	262	22:59:03.490970
72	3	man	219	22:59:03.490989
72	3	man	256	22:59:03.491010
72	3	man	405	22:59:03.491087
72	4	man	176	22:59:03.491150
72	4	man	206	22:59:03.491168
72	4	man	34	22:59:03.491213
73	1	woman	242	22:59:03.566547
73	1	woman	141	22:59:03.566616
73	1	woman	194	22:59:03.566633
73	1	woman	307	22:59:03.566678
74	1	man	214	22:59:03.642273
74	1	man	201	22:59:03.642325
74	1	man	16	22:59:03.642369
74	2	man	239	22:59:03.642393
74	2	man	199	22:59:03.642407
74	2	man	18	22:59:03.642417
74	3	woman	231	22:59:03.642434
74	3	woman	244	22:59:03.642448
74	3	woman	53	22:59:03.642457
74	4	woman	200	22:59:03.642471
74	4	woman	343	22:59:03.642502
75	1	man	225	22:59:03.718648
75	1	man	182	22:59:03.718729
75	1	man	91	22:59:03.718744
75	2	woman	236	22:59:03.718765
75	2	woman	253	22:59:03.718780
75	2	woman	291	22:59:03.718836
76	1	man	220	22:59:03.794754
76	1	man	243	22:59:03.794925
76	1	man	412	22:59:03.794999
76	2	man	214	22:59:03.795025
76	2	man	249	22:59:03.795037
76	2	man	9	22:59:03.795086
77	1	woman	255	22:59:03.871161
77	1	woman	135	22:59:03.871236
77	1	woman	192	22:59:03.871257
77	1	woman	399	22:59:03.871314
77	2	man	219	22:59:03.871343
77	2	man	254	22:59:03.871357
77	2	man	20	22:59:03.871402
78	1	man	197	22:59:03.947975
78	1	man	30	22:59:03.948046
78	1	man	165	22:59:03.948064
78	2	man	225	22:59:03.948082
78	2	man	248	22:59:03.948097
78	2	man	380	22:59:03.948148
78	3	man	202	22:59:03.948166
78	3	man	30	22:59:03.948175
78	3	man	159	22:59:03.948186
78	4	man	172	22:59:03.948201
78	4	man	205	22:59:03.948212
78	4	man	68	22:59:03.948254
78	5	woman	127	22:59:03.948269
78	5	woman	145	22:59:03.948310
78	6	man	234	22:59:03.948325
78	6	man	261	22:59:03.948336
79	1	woman	157	22:59:04.025149
79	1	woman	140	22:59:04.025210
79	2	woman	117	22:59:04.025237
79	2	woman	135	22:59:04.025251
80	1	woman	237	22:59:04.101356
80	1	woman	252	22:59:04.101424
80	1	woman	437	22:59:04.101475
80	2	woman	238	22:59:04.101504
80	2	woman	248	22:59:04.101523
80	2	woman	393	22:59:04.101542
80	3	woman	237	22:59:04.101555
80	3	woman	240	22:59:04.101563
80	3	woman	346	22:59:04.101585
80	4	man	210	22:59:04.101610
80	4	man	152	22:59:04.101626
80	4	man	106	22:59:04.101637
80	5	man	225	22:59:04.101648
80	5	man	183	22:59:04.101662
80	5	man	95	22:59:04.101675
80	6	woman	64	22:59:04.101693
80	6	woman	70	22:59:04.101702
80	7	man	222	22:59:04.101722
80	7	man	246	22:59:04.101730
80	7	man	77	22:59:04.101737
80	8	woman	168	22:59:04.101747
80	8	woman	140	22:59:04.101755
80	9	man	225	22:59:04.101763
80	9	man	187	22:59:04.101770
80	9	man	91	22:59:04.101776
80	10	woman	222	22:59:04.101784
80	10	woman	64	22:59:04.101791
80	11	man	238	22:59:04.101799
80	11	man	202	22:59:04.101806
80	11	man	17	22:59:04.101812
80	12	man	192	22:59:04.101821
80	12	man	30	22:59:04.101827
80	12	man	165	22:59:04.101833
81	1	man	205	22:59:04.179189
81	1	man	146	22:59:04.179241
81	1	man	107	22:59:04.179257
81	2	man	225	22:59:04.179278
81	2	man	186	22:59:04.179287
81	2	man	97	22:59:04.179293
81	3	man	221	22:59:04.179303
81	3	man	245	22:59:04.179312
81	3	man	386	22:59:04.179377
81	4	woman	163	22:59:04.179410
81	4	woman	294	22:59:04.179425
81	4	woman	124	22:59:04.179435
81	5	woman	198	22:59:04.179447
81	5	woman	302	22:59:04.179465
81	6	man	225	22:59:04.179475
81	6	man	250	22:59:04.179481
81	6	man	440	22:59:04.179493
81	7	man	223	22:59:04.179503
81	7	man	162	22:59:04.179510
81	7	man	110	22:59:04.179516
81	8	woman	165	22:59:04.179523
81	8	woman	278	22:59:04.179529
81	8	woman	123	22:59:04.179536
81	9	man	195	22:59:04.179544
81	9	man	204	22:59:04.179550
81	9	man	104	22:59:04.179622
81	10	woman	167	22:59:04.179643
81	10	woman	138	22:59:04.179652
81	11	child	445	22:59:04.179666
81	11	child	471	22:59:04.179673
82	1	woman	159	22:59:04.258243
82	1	woman	145	22:59:04.258306
82	2	woman	236	22:59:04.258336
82	2	woman	252	22:59:04.258353
82	2	woman	295	22:59:04.258398
82	3	woman	73	22:59:04.258421
82	3	woman	72	22:59:04.258433
82	4	man	211	22:59:04.258450
82	4	man	249	22:59:04.258461
82	4	man	28	22:59:04.258499
82	5	man	214	22:59:04.258518
82	5	man	198	22:59:04.258529
82	5	man	49	22:59:04.258653
83	1	woman	235	22:59:04.337535
83	1	woman	250	22:59:04.337610
83	1	woman	282	22:59:04.337658
83	2	woman	116	22:59:04.337680
83	2	woman	349	22:59:04.337699
84	1	woman	238	22:59:04.417029
84	1	woman	265	22:59:04.417086
84	1	woman	124	22:59:04.417108
84	2	woman	119	22:59:04.417125
84	2	woman	363	22:59:04.417163
85	1	woman	166	22:59:04.496614
85	1	woman	192	22:59:04.496663
85	1	woman	374	22:59:04.496700
85	2	man	205	22:59:04.496717
85	2	man	146	22:59:04.496726
85	2	man	105	22:59:04.496733
86	1	woman	158	22:59:04.576221
86	1	woman	197	22:59:04.576279
86	1	woman	310	22:59:04.576346
86	2	woman	208	22:59:04.576378
86	2	woman	159	22:59:04.576390
86	2	woman	132	22:59:04.576407
87	1	man	216	22:59:04.655920
87	1	man	201	22:59:04.655978
87	1	man	110	22:59:04.656026
87	2	woman	70	22:59:04.656048
87	2	woman	66	22:59:04.656059
87	3	woman	195	22:59:04.656074
87	3	woman	435	22:59:04.656109
87	4	man	223	22:59:04.656125
87	4	man	168	22:59:04.656136
87	4	man	110	22:59:04.656145
87	5	man	234	22:59:04.656157
87	5	man	262	22:59:04.656169
87	5	man	246	22:59:04.656179
87	6	man	229	22:59:04.656193
87	6	man	190	22:59:04.656203
87	6	man	100	22:59:04.656212
87	6	man	91	22:59:04.656221
87	7	man	234	22:59:04.656233
87	7	man	264	22:59:04.656242
87	7	man	249	22:59:04.656253
87	8	woman	168	22:59:04.656267
87	8	woman	199	22:59:04.656277
87	8	woman	284	22:59:04.656301
87	9	man	236	22:59:04.656316
87	9	man	199	22:59:04.656326
87	9	man	18	22:59:04.656334
88	1	woman	153	22:59:04.746007
88	1	woman	157	22:59:04.746200
88	1	woman	329	22:59:04.746335
88	2	man	232	22:59:04.746451
88	2	man	248	22:59:04.746730
88	2	man	18	22:59:04.746865
89	1	man	223	22:59:04.833180
89	1	man	163	22:59:04.833236
89	1	man	111	22:59:04.833250
89	2	man	235	22:59:04.833269
89	2	man	198	22:59:04.833280
89	2	man	18	22:59:04.833289
90	1	man	208	22:59:04.914698
90	1	man	148	22:59:04.914752
90	1	man	107	22:59:04.914764
90	2	man	222	22:59:04.914781
90	2	man	253	22:59:04.914793
90	2	man	103	22:59:04.914834
90	3	man	169	22:59:04.914851
90	3	man	205	22:59:04.914863
90	3	man	84	22:59:04.914889
90	4	man	233	22:59:04.914906
90	4	man	260	22:59:04.914917
90	4	man	255	22:59:04.914928
90	5	woman	237	22:59:04.914944
90	5	woman	249	22:59:04.914955
90	5	woman	400	22:59:04.914985
90	6	woman	156	22:59:04.914999
90	6	woman	139	22:59:04.915009
90	7	woman	59	22:59:04.915022
90	7	woman	57	22:59:04.915031
90	8	woman	157	22:59:04.915042
90	8	woman	293	22:59:04.915070
90	8	woman	121	22:59:04.915079
90	9	woman	222	22:59:04.915090
90	9	woman	62	22:59:04.915099
90	10	man	222	22:59:04.915109
90	10	man	165	22:59:04.915118
90	10	man	111	22:59:04.915125
91	1	man	223	22:59:04.997758
91	1	man	252	22:59:04.997818
91	1	man	71	22:59:04.997864
91	2	woman	208	22:59:04.997886
91	2	woman	158	22:59:04.997899
91	2	woman	144	22:59:04.997915
91	3	man	203	22:59:04.997931
91	3	man	150	22:59:04.997942
91	3	man	107	22:59:04.997951
91	4	man	219	22:59:04.997965
91	4	man	256	22:59:04.997975
91	4	man	371	22:59:04.998010
91	5	man	236	22:59:04.998026
91	5	man	241	22:59:04.998036
91	5	man	112	22:59:04.998061
91	6	man	239	22:59:04.998073
91	6	man	197	22:59:04.998084
91	6	man	19	22:59:04.998093
91	7	man	234	22:59:04.998105
91	7	man	262	22:59:04.998118
91	8	man	213	22:59:04.998132
91	8	man	254	22:59:04.998142
91	8	man	60	22:59:04.998183
91	9	woman	206	22:59:04.998203
91	9	woman	156	22:59:04.998214
91	9	woman	144	22:59:04.998226
91	10	woman	231	22:59:04.998240
91	10	woman	243	22:59:04.998249
91	10	woman	55	22:59:04.998258
91	11	woman	237	22:59:04.998270
91	11	woman	396	22:59:04.998296
91	11	woman	162	22:59:04.998306
92	1	woman	163	22:59:05.081884
92	1	woman	283	22:59:05.081944
92	1	woman	118	22:59:05.081958
92	2	woman	230	22:59:05.081974
92	2	woman	245	22:59:05.081985
92	2	woman	56	22:59:05.081994
92	3	woman	59	22:59:05.082009
92	3	woman	62	22:59:05.082019
92	4	woman	125	22:59:05.082031
92	4	woman	427	22:59:05.082067
92	5	woman	153	22:59:05.082082
92	5	woman	167	22:59:05.082091
92	5	woman	328	22:59:05.082108
92	6	woman	196	22:59:05.082120
92	6	woman	279	22:59:05.082136
92	7	woman	156	22:59:05.082147
92	7	woman	326	22:59:05.082162
92	8	woman	154	22:59:05.082173
92	8	woman	165	22:59:05.082181
92	8	woman	435	22:59:05.082196
92	9	woman	228	22:59:05.082207
92	9	woman	256	22:59:05.082216
92	9	woman	57	22:59:05.082224
92	10	man	230	22:59:05.082235
92	10	man	242	22:59:05.082243
92	10	man	34	22:59:05.082274
93	1	man	171	22:59:05.165838
93	1	man	210	22:59:05.165926
93	1	man	57	22:59:05.165989
93	2	man	226	22:59:05.166020
93	2	man	184	22:59:05.166059
93	2	man	98	22:59:05.166105
93	2	man	91	22:59:05.166122
94	1	man	215	22:59:05.249781
94	1	man	199	22:59:05.249824
94	1	man	87	22:59:05.249857
94	2	woman	250	22:59:05.249873
94	2	woman	138	22:59:05.249881
94	2	woman	192	22:59:05.249887
94	2	woman	282	22:59:05.250038
94	3	man	225	22:59:05.250062
94	3	man	255	22:59:05.250070
94	3	man	401	22:59:05.250085
94	4	man	234	22:59:05.250094
94	4	man	260	22:59:05.250100
94	4	man	247	22:59:05.250106
94	5	man	211	22:59:05.250114
94	5	man	249	22:59:05.250119
94	5	man	103	22:59:05.250138
94	6	man	179	22:59:05.250147
94	6	man	206	22:59:05.250153
94	6	man	2	22:59:05.250163
94	7	man	194	22:59:05.250171
94	7	man	30	22:59:05.250175
94	7	man	158	22:59:05.250181
94	8	man	224	22:59:05.250188
94	8	man	187	22:59:05.250193
94	8	man	88	22:59:05.250198
94	9	woman	76	22:59:05.250227
94	9	woman	261	22:59:05.250234
94	10	man	219	22:59:05.250242
94	10	man	256	22:59:05.250247
94	10	man	400	22:59:05.250261
94	11	woman	238	22:59:05.250269
94	11	woman	434	22:59:05.250279
94	11	woman	166	22:59:05.250285
95	1	woman	232	22:59:05.335256
95	1	woman	251	22:59:05.335310
95	1	woman	56	22:59:05.335324
95	2	man	212	22:59:05.335338
95	2	man	196	22:59:05.335346
95	2	man	79	22:59:05.335375
95	3	man	223	22:59:05.335385
95	3	man	251	22:59:05.335392
95	3	man	77	22:59:05.335397
95	4	man	234	22:59:05.335405
95	4	man	251	22:59:05.335410
95	4	man	87	22:59:05.335424
95	5	woman	161	22:59:05.335433
95	5	woman	140	22:59:05.335439
95	6	woman	243	22:59:05.335447
95	6	woman	138	22:59:05.335452
95	6	woman	201	22:59:05.335458
95	6	woman	328	22:59:05.335479
95	7	man	220	22:59:05.335487
95	7	man	255	22:59:05.335493
95	7	man	83	22:59:05.335505
95	8	child	453	22:59:05.335514
95	8	child	462	22:59:05.335520
95	8	child	467	22:59:05.335525
95	9	man	219	22:59:05.335534
95	9	man	252	22:59:05.335545
95	9	man	405	22:59:05.335566
96	1	woman	120	22:59:05.421901
96	1	woman	431	22:59:05.421999
96	2	woman	239	22:59:05.422037
96	2	woman	254	22:59:05.422053
96	2	woman	415	22:59:05.422085
97	1	man	215	22:59:05.509154
97	1	man	243	22:59:05.509236
97	1	man	58	22:59:05.509300
97	2	man	224	22:59:05.509329
97	2	man	187	22:59:05.509347
97	2	man	92	22:59:05.509359
98	1	woman	150	22:59:05.596212
98	1	woman	165	22:59:05.596268
98	1	woman	412	22:59:05.596313
98	2	man	208	22:59:05.596337
98	2	man	148	22:59:05.596347
98	2	man	105	22:59:05.596357
99	1	man	238	22:59:05.683645
99	1	man	194	22:59:05.683717
99	1	man	17	22:59:05.683741
99	2	man	213	22:59:05.683768
99	2	man	256	22:59:05.683784
99	2	man	96	22:59:05.683909
99	3	man	234	22:59:05.683952
99	3	man	261	22:59:05.683971
99	4	woman	210	22:59:05.683991
99	4	woman	163	22:59:05.684006
99	4	woman	140	22:59:05.684024
99	5	man	217	22:59:05.684046
99	5	man	247	22:59:05.684060
99	5	man	16	22:59:05.684098
100	1	woman	165	22:59:05.772255
100	1	woman	330	22:59:05.772343
100	2	man	220	22:59:05.772370
100	2	man	247	22:59:05.772384
100	2	man	82	22:59:05.772424
101	1	woman	67	22:59:05.860399
101	1	woman	74	22:59:05.860454
101	2	man	221	22:59:05.860474
101	2	man	249	22:59:05.860490
101	2	man	406	22:59:05.860529
102	1	woman	53	22:59:05.948998
102	1	woman	72	22:59:05.949064
102	2	woman	70	22:59:05.949092
102	2	woman	67	22:59:05.949104
102	3	woman	76	22:59:05.949118
102	3	woman	76	22:59:05.949127
102	4	man	221	22:59:05.949143
102	4	man	256	22:59:05.949155
102	4	man	78	22:59:05.949192
102	5	woman	163	22:59:05.949203
102	5	woman	136	22:59:05.949210
102	6	man	238	22:59:05.949219
102	6	man	201	22:59:05.949225
102	6	man	18	22:59:05.949230
102	7	woman	236	22:59:05.949238
102	7	woman	266	22:59:05.949244
102	7	woman	130	22:59:05.949251
102	8	man	220	22:59:05.949258
102	8	man	246	22:59:05.949264
102	8	man	353	22:59:05.949286
103	1	man	178	22:59:06.038648
103	1	man	203	22:59:06.038694
103	1	man	109	22:59:06.038732
104	1	woman	205	22:59:06.126738
104	1	woman	159	22:59:06.126794
104	1	woman	126	22:59:06.126814
104	2	man	222	22:59:06.126835
104	2	man	248	22:59:06.126848
104	2	man	79	22:59:06.126857
105	1	woman	237	22:59:06.215455
105	1	woman	265	22:59:06.215525
105	1	woman	139	22:59:06.215553
105	2	man	223	22:59:06.215581
105	2	man	166	22:59:06.215597
105	2	man	111	22:59:06.215611
105	3	man	217	22:59:06.215629
105	3	man	242	22:59:06.215642
105	3	man	410	22:59:06.215682
105	4	man	233	22:59:06.215698
105	4	man	252	22:59:06.215709
105	4	man	37	22:59:06.215745
106	1	man	221	22:59:06.304847
106	1	man	250	22:59:06.304906
106	1	man	318	22:59:06.304958
106	2	woman	204	22:59:06.306642
106	2	woman	200	22:59:06.306716
106	2	woman	366	22:59:06.306762
106	3	man	225	22:59:06.306793
106	3	man	252	22:59:06.306809
106	3	man	352	22:59:06.306830
106	4	woman	208	22:59:06.306849
106	4	woman	197	22:59:06.306860
106	4	woman	440	22:59:06.306877
106	5	man	177	22:59:06.306893
106	5	man	206	22:59:06.306905
106	5	man	68	22:59:06.307016
106	6	man	227	22:59:06.307046
106	6	man	250	22:59:06.307059
106	6	man	103	22:59:06.307099
106	7	woman	146	22:59:06.307130
106	7	woman	166	22:59:06.307143
106	7	woman	384	22:59:06.307163
106	8	woman	163	22:59:06.307178
106	8	woman	196	22:59:06.307188
106	8	woman	417	22:59:06.307207
106	9	man	233	22:59:06.307224
106	9	man	261	22:59:06.307237
106	10	child	448	22:59:06.307313
106	10	child	444	22:59:06.307338
106	10	child	471	22:59:06.307348
107	1	woman	59	22:59:06.397739
107	1	woman	70	22:59:06.397796
107	2	man	192	22:59:06.397827
107	2	man	30	22:59:06.397839
107	2	man	165	22:59:06.397852
107	3	man	222	22:59:06.397869
107	3	man	249	22:59:06.397884
107	3	man	78	22:59:06.397893
107	4	woman	167	22:59:06.397909
107	4	woman	277	22:59:06.397925
107	4	woman	114	22:59:06.397939
108	1	man	234	22:59:06.489069
108	1	man	260	22:59:06.489132
108	1	man	252	22:59:06.489154
108	2	man	174	22:59:06.489180
108	2	man	207	22:59:06.489193
108	2	man	91	22:59:06.489235
109	1	man	233	22:59:06.580550
109	1	man	261	22:59:06.580599
110	1	woman	238	22:59:06.672782
110	1	woman	266	22:59:06.672845
110	1	woman	134	22:59:06.672878
110	2	man	233	22:59:06.672907
110	2	man	264	22:59:06.672924
110	2	man	248	22:59:06.672938
110	3	man	201	22:59:06.672958
110	3	man	30	22:59:06.672970
110	3	man	164	22:59:06.672984
110	4	woman	163	22:59:06.673000
110	4	woman	341	22:59:06.673037
110	5	man	224	22:59:06.673054
110	5	man	244	22:59:06.673065
110	5	man	348	22:59:06.673090
110	6	man	220	22:59:06.673224
110	6	man	242	22:59:06.673237
110	6	man	435	22:59:06.673263
110	7	woman	236	22:59:06.673280
110	7	woman	254	22:59:06.673289
110	7	woman	302	22:59:06.673306
110	8	woman	180	22:59:06.673320
110	8	woman	54	22:59:06.673329
110	8	woman	138	22:59:06.673341
110	9	man	220	22:59:06.673352
110	9	man	241	22:59:06.673361
110	9	man	327	22:59:06.673377
111	1	man	234	22:59:06.766497
111	1	man	241	22:59:06.766550
111	1	man	9	22:59:06.766589
112	1	woman	235	22:59:06.859530
112	1	woman	256	22:59:06.859585
112	1	woman	341	22:59:06.859640
112	2	man	199	22:59:06.859666
112	2	man	30	22:59:06.859674
112	2	man	160	22:59:06.859681
113	1	woman	123	22:59:06.953171
113	1	woman	351	22:59:06.953245
113	2	woman	237	22:59:06.953266
113	2	woman	250	22:59:06.953277
113	2	woman	440	22:59:06.953294
113	3	woman	228	22:59:06.953306
113	3	woman	253	22:59:06.953313
113	3	woman	55	22:59:06.953320
113	4	man	222	22:59:06.953330
113	4	man	251	22:59:06.953336
113	4	man	92	22:59:06.953362
113	5	man	221	22:59:06.953372
113	5	man	249	22:59:06.953379
113	5	man	110	22:59:06.953392
113	6	woman	156	22:59:06.953403
113	6	woman	133	22:59:06.953411
113	7	man	227	22:59:06.953420
113	7	man	184	22:59:06.953427
113	7	man	100	22:59:06.953433
113	7	man	91	22:59:06.953439
113	8	woman	164	22:59:06.953447
113	8	woman	375	22:59:06.953460
114	1	man	217	22:59:07.048096
114	1	man	244	22:59:07.048162
114	1	man	11	22:59:07.048215
114	2	man	225	22:59:07.048240
114	2	man	186	22:59:07.048255
114	2	man	96	22:59:07.048266
115	1	woman	162	22:59:07.141624
115	1	woman	198	22:59:07.141683
115	1	woman	317	22:59:07.141731
115	2	man	229	22:59:07.141753
115	2	man	189	22:59:07.141763
115	2	man	100	22:59:07.141772
115	2	man	93	22:59:07.141783
116	1	man	237	22:59:07.235690
116	1	man	192	22:59:07.235736
116	1	man	18	22:59:07.235747
116	2	man	225	22:59:07.235761
116	2	man	246	22:59:07.235771
116	2	man	379	22:59:07.235800
116	3	man	235	22:59:07.235813
116	3	man	196	22:59:07.235820
116	3	man	17	22:59:07.235871
116	4	woman	245	22:59:07.235889
116	4	woman	134	22:59:07.235898
116	4	woman	202	22:59:07.235905
116	4	woman	390	22:59:07.235926
117	1	man	222	22:59:07.329980
117	1	man	246	22:59:07.330040
117	1	man	77	22:59:07.330081
117	2	man	204	22:59:07.330209
117	2	man	147	22:59:07.330238
117	2	man	107	22:59:07.330253
118	1	man	222	22:59:07.425091
118	1	man	167	22:59:07.425156
118	1	man	109	22:59:07.425172
118	2	man	230	22:59:07.425193
118	2	man	183	22:59:07.425206
118	2	man	104	22:59:07.425217
118	2	man	95	22:59:07.425227
119	1	man	216	22:59:07.520347
119	1	man	246	22:59:07.520404
119	1	man	88	22:59:07.520456
119	2	man	230	22:59:07.520483
119	2	man	185	22:59:07.520497
119	2	man	101	22:59:07.520508
119	2	man	95	22:59:07.520518
119	3	woman	206	22:59:07.520536
119	3	woman	159	22:59:07.520547
119	3	woman	114	22:59:07.520563
119	4	child	126	22:59:07.520581
119	4	child	469	22:59:07.520593
119	5	man	226	22:59:07.520609
119	5	man	251	22:59:07.520622
119	5	man	30	22:59:07.520652
119	6	man	222	22:59:07.520668
119	6	man	249	22:59:07.520680
119	6	man	79	22:59:07.520689
120	1	man	232	22:59:07.616463
120	1	man	189	22:59:07.616516
120	1	man	100	22:59:07.616529
120	1	man	90	22:59:07.616537
120	2	woman	199	22:59:07.616553
120	2	woman	404	22:59:07.616593
120	3	woman	56	22:59:07.616607
120	3	woman	53	22:59:07.616614
120	4	man	225	22:59:07.616625
120	4	man	187	22:59:07.616633
120	4	man	92	22:59:07.616639
120	5	man	223	22:59:07.616648
120	5	man	160	22:59:07.616656
120	5	man	110	22:59:07.616662
120	6	man	180	22:59:07.616671
120	6	man	205	22:59:07.616678
120	6	man	31	22:59:07.616705
120	7	woman	177	22:59:07.616719
120	7	woman	59	22:59:07.616729
120	7	woman	136	22:59:07.616739
120	8	woman	64	22:59:07.616749
120	8	woman	75	22:59:07.616756
120	9	man	218	22:59:07.616765
120	9	man	254	22:59:07.616773
120	9	man	47	22:59:07.616789
120	10	man	234	22:59:07.616798
120	10	man	264	22:59:07.616806
121	1	man	178	22:59:07.714385
121	1	man	210	22:59:07.714443
121	1	man	44	22:59:07.714490
121	2	woman	204	22:59:07.714512
121	2	woman	192	22:59:07.714525
121	2	woman	339	22:59:07.714560
121	3	woman	236	22:59:07.714583
121	3	woman	244	22:59:07.714596
121	3	woman	291	22:59:07.714616
121	4	man	224	22:59:07.714632
121	4	man	246	22:59:07.714642
121	4	man	356	22:59:07.714659
121	5	woman	158	22:59:07.714674
121	5	woman	137	22:59:07.714686
122	1	woman	69	22:59:07.813097
122	1	woman	73	22:59:07.813152
122	2	man	234	22:59:07.813175
122	2	man	251	22:59:07.813189
122	2	man	80	22:59:07.813230
123	1	man	233	22:59:07.912136
123	1	man	260	22:59:07.912192
123	2	woman	162	22:59:07.912213
123	2	woman	314	22:59:07.912246
124	1	man	172	22:59:08.011745
124	1	man	205	22:59:08.011795
124	1	man	64	22:59:08.011839
124	2	woman	173	22:59:08.011859
124	2	woman	57	22:59:08.011869
124	2	woman	122	22:59:08.011883
124	3	woman	125	22:59:08.011896
124	3	woman	322	22:59:08.011928
124	4	man	204	22:59:08.011944
124	4	man	152	22:59:08.011954
124	4	man	105	22:59:08.011963
124	5	woman	238	22:59:08.011975
124	5	woman	250	22:59:08.011986
124	5	woman	296	22:59:08.012004
124	6	woman	115	22:59:08.012017
124	6	woman	410	22:59:08.012033
124	7	man	235	22:59:08.012045
124	7	man	251	22:59:08.012054
124	7	man	34	22:59:08.012076
124	8	woman	236	22:59:08.012088
124	8	woman	249	22:59:08.012097
124	8	woman	386	22:59:08.012113
124	9	man	200	22:59:08.012126
124	9	man	30	22:59:08.012135
124	9	man	163	22:59:08.012146
124	10	man	221	22:59:08.012158
124	10	man	255	22:59:08.012168
124	10	man	362	22:59:08.012183
125	1	woman	249	22:59:08.111347
125	1	woman	137	22:59:08.111412
125	1	woman	198	22:59:08.111435
125	1	woman	376	22:59:08.111479
125	2	man	235	22:59:08.111507
125	2	man	256	22:59:08.111522
125	2	man	40	22:59:08.111561
126	1	man	211	22:59:08.211544
126	1	man	202	22:59:08.211594
126	1	man	71	22:59:08.211634
126	2	man	229	22:59:08.211652
126	2	man	242	22:59:08.211663
126	2	man	60	22:59:08.211684
126	3	man	195	22:59:08.211696
126	3	man	30	22:59:08.211703
126	3	man	159	22:59:08.211712
126	4	man	178	22:59:08.211722
126	4	man	209	22:59:08.211729
126	4	man	22	22:59:08.211747
126	5	woman	223	22:59:08.211764
126	5	woman	70	22:59:08.211775
126	6	man	204	22:59:08.211790
126	6	man	155	22:59:08.211804
126	6	man	105	22:59:08.211813
126	7	man	239	22:59:08.211824
126	7	man	197	22:59:08.211836
126	7	man	17	22:59:08.211842
126	8	woman	179	22:59:08.211852
126	8	woman	55	22:59:08.211859
126	8	woman	126	22:59:08.211867
126	9	woman	180	22:59:08.211876
126	9	woman	54	22:59:08.211882
126	9	woman	124	22:59:08.211889
127	1	man	217	22:59:08.313209
127	1	man	247	22:59:08.313254
127	1	man	328	22:59:08.313285
127	2	man	224	22:59:08.313299
127	2	man	183	22:59:08.313308
127	2	man	96	22:59:08.313320
128	1	man	213	22:59:08.415170
128	1	man	202	22:59:08.415224
128	1	man	70	22:59:08.415269
128	2	man	236	22:59:08.415290
128	2	man	245	22:59:08.415305
128	2	man	7	22:59:08.415323
129	1	woman	197	22:59:08.517452
129	1	woman	433	22:59:08.517570
129	2	woman	63	22:59:08.517665
129	2	woman	61	22:59:08.517675
129	3	man	238	22:59:08.517688
129	3	man	199	22:59:08.517696
129	3	man	18	22:59:08.517702
130	1	man	234	22:59:08.620512
130	1	man	258	22:59:08.620557
130	1	man	241	22:59:08.620571
130	2	man	214	22:59:08.620585
130	2	man	199	22:59:08.620595
130	2	man	97	22:59:08.620625
130	3	man	202	22:59:08.620636
130	3	man	208	22:59:08.620645
130	3	man	10	22:59:08.620659
130	4	woman	230	22:59:08.620670
130	4	woman	247	22:59:08.620678
130	4	woman	54	22:59:08.620684
130	5	man	227	22:59:08.620693
130	5	man	188	22:59:08.620700
130	5	man	99	22:59:08.620706
130	5	man	90	22:59:08.620712
130	6	man	199	22:59:08.620720
130	6	man	210	22:59:08.620727
130	6	man	5	22:59:08.620739
130	7	man	223	22:59:08.620748
130	7	man	156	22:59:08.620756
130	7	man	109	22:59:08.620761
130	8	woman	226	22:59:08.620770
130	8	woman	252	22:59:08.620776
130	8	woman	59	22:59:08.620782
130	9	woman	64	22:59:08.620791
130	9	woman	70	22:59:08.620797
130	10	woman	235	22:59:08.620806
130	10	woman	265	22:59:08.620813
130	10	woman	133	22:59:08.620822
130	11	man	222	22:59:08.620831
130	11	man	240	22:59:08.620838
130	11	man	77	22:59:08.620843
131	1	woman	237	22:59:08.725987
131	1	woman	244	22:59:08.726031
131	1	woman	389	22:59:08.726062
131	2	woman	201	22:59:08.726076
131	2	woman	370	22:59:08.726091
131	3	man	236	22:59:08.726100
131	3	man	247	22:59:08.726107
131	3	man	68	22:59:08.726128
131	4	man	222	22:59:08.726137
131	4	man	159	22:59:08.726144
131	4	man	111	22:59:08.726149
131	5	man	224	22:59:08.726156
131	5	man	187	22:59:08.726162
131	5	man	91	22:59:08.726167
131	6	woman	146	22:59:08.726174
131	6	woman	157	22:59:08.726180
131	6	woman	359	22:59:08.726191
131	7	woman	227	22:59:08.726199
131	7	woman	243	22:59:08.726204
131	7	woman	59	22:59:08.726209
131	8	man	225	22:59:08.726216
131	8	man	189	22:59:08.726221
131	8	man	97	22:59:08.726225
132	1	woman	210	22:59:08.833250
132	1	woman	160	22:59:08.833294
132	1	woman	130	22:59:08.833307
132	2	woman	236	22:59:08.833320
132	2	woman	240	22:59:08.833328
132	2	woman	350	22:59:08.833357
132	3	man	223	22:59:08.833368
132	3	man	248	22:59:08.833374
132	3	man	77	22:59:08.833380
132	4	man	194	22:59:08.833389
132	4	man	209	22:59:08.833395
132	4	man	81	22:59:08.833419
132	5	woman	54	22:59:08.833427
132	5	woman	56	22:59:08.833432
132	6	man	192	22:59:08.833439
132	6	man	209	22:59:08.833445
132	6	man	61	22:59:08.833456
133	1	woman	57	22:59:08.941489
133	1	woman	62	22:59:08.941534
133	2	woman	162	22:59:08.941552
133	2	woman	136	22:59:08.941563
134	1	man	227	22:59:09.050085
134	1	man	191	22:59:09.050133
134	1	man	102	22:59:09.050145
134	1	man	97	22:59:09.050154
134	2	man	222	22:59:09.050168
134	2	man	248	22:59:09.050177
134	2	man	79	22:59:09.050184
135	1	woman	60	22:59:09.157107
135	1	woman	68	22:59:09.157148
135	2	woman	207	22:59:09.157164
135	2	woman	197	22:59:09.157173
135	2	woman	342	22:59:09.157211
136	1	man	222	22:59:09.264574
136	1	man	249	22:59:09.264631
136	1	man	78	22:59:09.264647
136	2	child	115	22:59:09.264669
136	2	child	466	22:59:09.264682
136	3	woman	204	22:59:09.264817
136	3	woman	195	22:59:09.264836
136	3	woman	435	22:59:09.264865
136	4	woman	253	22:59:09.264877
136	4	woman	135	22:59:09.264884
136	4	woman	195	22:59:09.264890
136	4	woman	295	22:59:09.264903
136	5	woman	158	22:59:09.264912
136	5	woman	136	22:59:09.264918
136	6	woman	121	22:59:09.264926
136	6	woman	334	22:59:09.264936
136	7	man	239	22:59:09.264945
136	7	man	201	22:59:09.264951
136	7	man	17	22:59:09.264956
136	8	woman	168	22:59:09.264963
136	8	woman	329	22:59:09.264973
136	9	man	220	22:59:09.264982
136	9	man	252	22:59:09.264987
136	9	man	410	22:59:09.264997
137	1	woman	146	22:59:09.374423
137	1	woman	162	22:59:09.374479
137	1	woman	378	22:59:09.374525
137	2	woman	180	22:59:09.374550
137	2	woman	58	22:59:09.374563
137	2	woman	119	22:59:09.374580
137	3	man	235	22:59:09.374597
137	3	man	194	22:59:09.374610
137	3	man	17	22:59:09.374620
137	4	woman	167	22:59:09.374636
137	4	woman	442	22:59:09.374661
138	1	man	222	22:59:09.484866
138	1	man	167	22:59:09.484916
138	1	man	110	22:59:09.484927
138	2	woman	236	22:59:09.484944
138	2	woman	252	22:59:09.484954
138	2	woman	305	22:59:09.484984
139	1	woman	205	22:59:09.595637
139	1	woman	163	22:59:09.595684
139	1	woman	131	22:59:09.595699
139	2	man	202	22:59:09.595713
139	2	man	210	22:59:09.595721
139	2	man	82	22:59:09.595750
139	3	woman	58	22:59:09.595760
139	3	woman	58	22:59:09.595767
139	4	man	231	22:59:09.595777
139	4	man	188	22:59:09.595784
139	4	man	103	22:59:09.595790
139	4	man	90	22:59:09.595796
139	5	man	217	22:59:09.595805
139	5	man	242	22:59:09.595812
139	5	man	111	22:59:09.595825
140	1	man	169	22:59:09.707873
140	1	man	210	22:59:09.707920
140	1	man	60	22:59:09.707955
140	2	woman	238	22:59:09.707971
140	2	woman	248	22:59:09.707979
140	2	woman	388	22:59:09.708001
141	1	man	232	22:59:09.820358
141	1	man	242	22:59:09.820405
141	1	man	93	22:59:09.820439
141	2	man	222	22:59:09.820456
141	2	man	248	22:59:09.820465
141	2	man	78	22:59:09.820471
142	1	man	217	22:59:09.933323
142	1	man	249	22:59:09.933368
142	1	man	57	22:59:09.933405
142	2	man	221	22:59:09.933418
142	2	man	255	22:59:09.933426
142	2	man	435	22:59:09.933451
142	3	woman	69	22:59:09.933462
142	3	woman	262	22:59:09.933471
142	4	man	218	22:59:09.933481
142	4	man	243	22:59:09.933488
142	4	man	53	22:59:09.933501
142	5	woman	71	22:59:09.933510
142	5	woman	259	22:59:09.933516
142	6	man	233	22:59:09.933526
142	6	man	260	22:59:09.933532
142	7	man	224	22:59:09.933541
142	7	man	191	22:59:09.933549
142	7	man	90	22:59:09.933556
142	8	woman	173	22:59:09.933568
142	8	woman	56	22:59:09.933575
142	8	woman	115	22:59:09.933585
142	9	man	225	22:59:09.933594
142	9	man	183	22:59:09.933600
142	9	man	96	22:59:09.933606
142	10	man	227	22:59:09.933615
142	10	man	190	22:59:09.933621
142	10	man	99	22:59:09.933627
142	10	man	88	22:59:09.933633
142	11	man	216	22:59:09.933642
142	11	man	199	22:59:09.933648
142	11	man	22	22:59:09.933662
142	12	man	235	22:59:09.933671
142	12	man	250	22:59:09.933677
142	12	man	105	22:59:09.933689
143	1	man	227	22:59:10.049923
143	1	man	241	22:59:10.049965
143	1	man	51	22:59:10.049996
143	2	woman	238	22:59:10.050008
143	2	woman	414	22:59:10.050030
143	2	woman	159	22:59:10.050037
144	1	woman	58	22:59:10.164313
144	1	woman	57	22:59:10.164351
144	2	man	234	22:59:10.164365
144	2	man	244	22:59:10.164374
144	2	man	51	22:59:10.164402
144	3	woman	168	22:59:10.164412
144	3	woman	281	22:59:10.164421
144	3	woman	115	22:59:10.164427
144	4	man	173	22:59:10.164436
144	4	man	203	22:59:10.164442
144	4	man	110	22:59:10.164453
144	5	man	225	22:59:10.164460
144	5	man	247	22:59:10.164465
144	5	man	385	22:59:10.164485
144	6	woman	239	22:59:10.164494
144	6	woman	265	22:59:10.164499
144	6	woman	123	22:59:10.164506
144	7	woman	200	22:59:10.164514
144	7	woman	409	22:59:10.164524
144	8	man	204	22:59:10.164532
144	8	man	152	22:59:10.164537
144	8	man	105	22:59:10.164541
144	9	woman	203	22:59:10.164548
144	9	woman	164	22:59:10.164553
144	9	woman	134	22:59:10.164559
145	1	man	201	22:59:10.281323
145	1	man	207	22:59:10.281375
145	1	man	16	22:59:10.281409
145	2	man	235	22:59:10.281425
145	2	man	248	22:59:10.281435
145	2	man	59	22:59:10.281448
146	1	man	237	22:59:10.398944
146	1	man	197	22:59:10.398991
146	1	man	18	22:59:10.399002
146	2	man	238	22:59:10.399015
146	2	man	194	22:59:10.399022
146	2	man	17	22:59:10.399028
146	3	man	222	22:59:10.399038
146	3	man	241	22:59:10.399046
146	3	man	112	22:59:10.399075
146	4	woman	146	22:59:10.399086
146	4	woman	165	22:59:10.399094
146	4	woman	435	22:59:10.399118
146	5	man	199	22:59:10.399128
146	5	man	30	22:59:10.399134
146	5	man	167	22:59:10.399140
146	6	man	233	22:59:10.399151
146	6	man	259	22:59:10.399159
147	1	man	207	22:59:10.517922
147	1	man	151	22:59:10.517970
147	1	man	106	22:59:10.517980
147	2	woman	235	22:59:10.517995
147	2	woman	244	22:59:10.518004
147	2	woman	359	22:59:10.518033
148	1	man	224	22:59:10.637510
148	1	man	187	22:59:10.637551
148	1	man	91	22:59:10.637561
148	2	child	457	22:59:10.637573
148	2	child	462	22:59:10.637581
148	2	child	469	22:59:10.637587
149	1	child	446	22:59:10.757867
149	1	child	466	22:59:10.757911
149	2	man	231	22:59:10.757930
149	2	man	190	22:59:10.757940
149	2	man	100	22:59:10.757948
149	2	man	92	22:59:10.757955
149	3	man	222	22:59:10.757966
149	3	man	241	22:59:10.757975
149	3	man	79	22:59:10.757982
149	4	woman	205	22:59:10.757992
149	4	woman	192	22:59:10.758002
149	4	woman	315	22:59:10.758029
149	5	man	176	22:59:10.758040
149	5	man	203	22:59:10.758047
149	5	man	43	22:59:10.758071
149	6	man	225	22:59:10.758080
149	6	man	248	22:59:10.758086
149	6	man	392	22:59:10.758099
149	7	man	222	22:59:10.758108
149	7	man	241	22:59:10.758114
149	7	man	77	22:59:10.758120
150	1	woman	63	22:59:10.880192
150	1	woman	263	22:59:10.880239
150	2	man	233	22:59:10.880255
150	2	man	257	22:59:10.880263
150	2	man	254	22:59:10.880272
150	3	man	203	22:59:10.880283
150	3	man	155	22:59:10.880291
150	3	man	105	22:59:10.880297
151	1	man	235	22:59:11.003391
151	1	man	248	22:59:11.003432
151	1	man	94	22:59:11.003464
151	2	man	234	22:59:11.003475
151	2	man	261	22:59:11.003482
152	1	woman	167	22:59:11.124507
152	1	woman	380	22:59:11.124586
152	2	man	215	22:59:11.124609
152	2	man	246	22:59:11.124622
152	2	man	111	22:59:11.124654
152	3	woman	222	22:59:11.124669
152	3	woman	63	22:59:11.124679
152	4	man	233	22:59:11.124692
152	4	man	260	22:59:11.124702
152	4	man	250	22:59:11.124711
152	5	man	210	22:59:11.124725
152	5	man	154	22:59:11.124734
152	5	man	108	22:59:11.124742
152	6	man	223	22:59:11.124753
152	6	man	252	22:59:11.124762
152	6	man	78	22:59:11.124769
153	1	man	222	22:59:11.247731
153	1	man	160	22:59:11.247787
153	1	man	110	22:59:11.247801
153	2	man	198	22:59:11.247819
153	2	man	210	22:59:11.247831
153	2	man	14	22:59:11.247868
154	1	woman	58	22:59:11.371494
154	1	woman	56	22:59:11.371546
154	2	woman	180	22:59:11.371570
154	2	woman	56	22:59:11.371582
154	2	woman	115	22:59:11.371597
155	1	woman	59	22:59:11.495769
155	1	woman	69	22:59:11.495811
155	2	man	234	22:59:11.495825
155	2	man	261	22:59:11.495834
155	2	man	247	22:59:11.495840
156	1	man	234	22:59:11.620852
156	1	man	240	22:59:11.620900
156	1	man	86	22:59:11.620934
156	2	woman	59	22:59:11.620948
156	2	woman	67	22:59:11.620957
157	1	woman	238	22:59:11.746261
157	1	woman	396	22:59:11.746343
157	1	woman	164	22:59:11.746360
157	2	woman	63	22:59:11.746379
157	2	woman	68	22:59:11.746390
157	3	man	236	22:59:11.746404
157	3	man	252	22:59:11.746416
157	3	man	11	22:59:11.746447
157	4	woman	200	22:59:11.746461
157	4	woman	379	22:59:11.746479
157	5	man	223	22:59:11.746492
157	5	man	160	22:59:11.746501
157	5	man	109	22:59:11.746509
157	6	man	226	22:59:11.746520
157	6	man	255	22:59:11.746529
157	6	man	108	22:59:11.746546
157	7	man	207	22:59:11.746557
157	7	man	147	22:59:11.746567
157	7	man	106	22:59:11.746574
157	8	woman	235	22:59:11.746585
157	8	woman	254	22:59:11.746594
157	8	woman	394	22:59:11.746610
157	9	man	217	22:59:11.746623
157	9	man	251	22:59:11.746631
157	9	man	392	22:59:11.746647
157	10	man	171	22:59:11.746660
157	10	man	203	22:59:11.746737
157	10	man	64	22:59:11.746760
158	1	man	214	22:59:11.876897
158	1	man	253	22:59:11.877128
158	1	man	53	22:59:11.877192
158	2	man	227	22:59:11.877217
158	2	man	190	22:59:11.877232
158	2	man	101	22:59:11.877242
158	2	man	88	22:59:11.877251
159	1	man	219	22:59:12.007124
159	1	man	243	22:59:12.007208
159	1	man	333	22:59:12.007253
159	2	man	228	22:59:12.007277
159	2	man	189	22:59:12.007292
159	2	man	102	22:59:12.007303
159	2	man	93	22:59:12.007313
159	3	man	235	22:59:12.007331
159	3	man	247	22:59:12.007343
159	3	man	60	22:59:12.007376
159	4	man	234	22:59:12.007393
159	4	man	264	22:59:12.007405
159	5	man	213	22:59:12.007420
159	5	man	243	22:59:12.007430
159	5	man	102	22:59:12.007451
159	6	woman	194	22:59:12.007467
159	6	woman	367	22:59:12.007490
160	1	man	224	22:59:12.136146
160	1	man	246	22:59:12.136225
160	1	man	321	22:59:12.136282
160	2	man	223	22:59:12.136307
160	2	man	167	22:59:12.136323
160	2	man	109	22:59:12.136336
161	1	man	199	22:59:12.265902
161	1	man	30	22:59:12.265954
161	1	man	162	22:59:12.265970
161	2	woman	248	22:59:12.265989
161	2	woman	132	22:59:12.266002
161	2	woman	200	22:59:12.266010
161	2	woman	374	22:59:12.266046
162	1	woman	197	22:59:12.396073
162	1	woman	291	22:59:12.396138
163	1	woman	235	22:59:12.526761
163	1	woman	249	22:59:12.526810
163	1	woman	305	22:59:12.526851
163	2	woman	117	22:59:12.526879
163	2	woman	405	22:59:12.526904
163	3	woman	232	22:59:12.526917
163	3	woman	246	22:59:12.526924
163	3	woman	56	22:59:12.526931
163	4	man	213	22:59:12.526942
163	4	man	248	22:59:12.526949
163	4	man	20	22:59:12.526974
163	5	woman	208	22:59:12.526984
163	5	woman	164	22:59:12.526991
163	5	woman	141	22:59:12.527000
163	6	man	223	22:59:12.527009
163	6	man	164	22:59:12.527015
163	6	man	109	22:59:12.527021
164	1	man	233	22:59:12.659682
164	1	man	263	22:59:12.659722
164	2	woman	203	22:59:12.659737
164	2	woman	195	22:59:12.659745
164	2	woman	397	22:59:12.659774
164	3	man	181	22:59:12.659785
164	3	man	203	22:59:12.659791
164	3	man	60	22:59:12.659814
164	4	man	234	22:59:12.659822
164	4	man	255	22:59:12.659829
164	4	man	61	22:59:12.659840
164	5	man	236	22:59:12.659850
164	5	man	201	22:59:12.659857
164	5	man	17	22:59:12.659862
164	6	man	234	22:59:12.659870
164	6	man	263	22:59:12.659876
164	7	woman	58	22:59:12.659885
164	7	woman	56	22:59:12.659890
164	8	woman	229	22:59:12.659899
164	8	woman	247	22:59:12.659906
164	8	woman	56	22:59:12.659911
165	1	woman	202	22:59:12.795450
165	1	woman	382	22:59:12.795514
165	2	woman	223	22:59:12.795531
165	2	woman	63	22:59:12.795539
165	3	man	224	22:59:12.795550
165	3	man	191	22:59:12.795557
165	3	man	88	22:59:12.795563
166	1	woman	54	22:59:12.932217
166	1	woman	56	22:59:12.932279
166	2	woman	222	22:59:12.932299
166	2	woman	67	22:59:12.932309
167	1	woman	155	22:59:13.070226
167	1	woman	156	22:59:13.070288
167	1	woman	319	22:59:13.070336
167	2	woman	154	22:59:13.070357
167	2	woman	156	22:59:13.070366
167	2	woman	335	22:59:13.070383
167	3	woman	201	22:59:13.070403
167	3	woman	332	22:59:13.070423
167	4	woman	235	22:59:13.070463
167	4	woman	330	22:59:13.070488
167	4	woman	161	22:59:13.070500
167	5	man	173	22:59:13.070516
167	5	man	207	22:59:13.070530
167	5	man	67	22:59:13.070558
167	6	man	236	22:59:13.070572
167	6	man	252	22:59:13.070584
167	6	man	11	22:59:13.070601
167	7	man	199	22:59:13.070612
167	7	man	30	22:59:13.070618
167	7	man	156	22:59:13.070623
167	8	woman	166	22:59:13.070631
167	8	woman	135	22:59:13.070639
167	9	man	207	22:59:13.070652
167	9	man	151	22:59:13.070660
167	9	man	108	22:59:13.070665
167	10	woman	239	22:59:13.070672
167	10	woman	386	22:59:13.070687
167	10	woman	163	22:59:13.070695
167	11	woman	210	22:59:13.070706
167	11	woman	160	22:59:13.070711
167	11	woman	128	22:59:13.070718
167	12	man	207	22:59:13.070726
167	12	man	152	22:59:13.070731
167	12	man	106	22:59:13.070735
168	1	man	212	22:59:13.210548
168	1	man	252	22:59:13.210609
168	1	man	18	22:59:13.210658
168	2	woman	232	22:59:13.210684
168	2	woman	243	22:59:13.210698
168	2	woman	54	22:59:13.210711
169	1	man	207	22:59:13.351074
169	1	man	154	22:59:13.351117
169	1	man	107	22:59:13.351126
169	2	man	222	22:59:13.351138
169	2	man	243	22:59:13.351146
169	2	man	79	22:59:13.351152
170	1	woman	249	22:59:13.492534
170	1	woman	143	22:59:13.492575
170	1	woman	199	22:59:13.492585
170	1	woman	347	22:59:13.492613
170	2	woman	153	22:59:13.492625
170	2	woman	168	22:59:13.492631
170	2	woman	362	22:59:13.492641
171	1	man	239	22:59:13.634845
171	1	man	199	22:59:13.634899
171	1	man	17	22:59:13.634911
171	2	man	235	22:59:13.634927
171	2	man	193	22:59:13.634937
171	2	man	18	22:59:13.634945
172	1	man	205	22:59:13.777955
172	1	man	150	22:59:13.778000
172	1	man	105	22:59:13.778011
172	2	woman	197	22:59:13.778026
172	2	woman	421	22:59:13.778059
173	1	man	217	22:59:13.921838
173	1	man	241	22:59:13.921889
173	1	man	53	22:59:13.921927
174	1	woman	238	22:59:14.066128
174	1	woman	266	22:59:14.066177
174	1	woman	115	22:59:14.066195
174	2	man	217	22:59:14.066211
174	2	man	252	22:59:14.066222
174	2	man	7	22:59:14.066259
174	3	man	228	22:59:14.066276
174	3	man	256	22:59:14.066286
174	3	man	55	22:59:14.066304
175	1	man	217	22:59:14.208797
175	1	man	242	22:59:14.208843
175	1	man	381	22:59:14.208882
175	2	woman	235	22:59:14.208899
175	2	woman	246	22:59:14.208907
175	2	woman	406	22:59:14.208921
176	1	man	214	22:59:14.352513
176	1	man	200	22:59:14.352559
176	1	man	42	22:59:14.352591
176	2	man	225	22:59:14.352603
176	2	man	186	22:59:14.352610
176	2	man	95	22:59:14.352616
176	3	man	233	22:59:14.352624
176	3	man	260	22:59:14.352631
176	4	woman	202	22:59:14.352639
176	4	woman	355	22:59:14.352661
177	1	man	223	22:59:14.497614
177	1	man	246	22:59:14.497671
177	1	man	77	22:59:14.497683
177	2	woman	73	22:59:14.497699
177	2	woman	63	22:59:14.497708
177	3	woman	208	22:59:14.497720
177	3	woman	192	22:59:14.497731
177	3	woman	358	22:59:14.497769
178	1	woman	206	22:59:14.644479
178	1	woman	198	22:59:14.644529
178	1	woman	300	22:59:14.644562
178	2	man	233	22:59:14.644577
178	2	man	264	22:59:14.644587
179	1	man	175	22:59:14.791899
179	1	man	204	22:59:14.791956
179	1	man	13	22:59:14.792004
179	2	woman	115	22:59:14.792027
179	2	woman	145	22:59:14.792041
179	3	woman	168	22:59:14.792057
179	3	woman	145	22:59:14.792069
179	4	woman	223	22:59:14.792083
179	4	woman	68	22:59:14.792093
179	5	man	229	22:59:14.792108
179	5	man	184	22:59:14.792119
179	5	man	101	22:59:14.792128
179	5	man	89	22:59:14.792137
179	6	man	234	22:59:14.792150
179	6	man	259	22:59:14.792161
179	6	man	255	22:59:14.792172
180	1	man	225	22:59:14.942818
180	1	man	189	22:59:14.942859
180	1	man	89	22:59:14.942869
180	2	man	222	22:59:14.942881
180	2	man	255	22:59:14.942889
180	2	man	104	22:59:14.942917
180	3	man	202	22:59:14.942927
180	3	man	205	22:59:14.942933
180	3	man	27	22:59:14.942943
180	4	man	229	22:59:14.942952
180	4	man	255	22:59:14.942957
180	4	man	57	22:59:14.942967
181	1	woman	223	22:59:15.095096
181	1	woman	62	22:59:15.095159
181	2	man	234	22:59:15.095184
181	2	man	259	22:59:15.095200
181	2	man	240	22:59:15.095213
182	1	woman	238	22:59:15.245174
182	1	woman	265	22:59:15.245216
182	1	woman	131	22:59:15.245230
182	2	man	221	22:59:15.245242
182	2	man	248	22:59:15.245250
182	2	man	93	22:59:15.245280
183	1	man	225	22:59:15.396086
183	1	man	256	22:59:15.396133
183	1	man	398	22:59:15.396165
183	2	man	177	22:59:15.396178
183	2	man	209	22:59:15.396186
183	2	man	30	22:59:15.396208
183	3	man	199	22:59:15.396219
183	3	man	30	22:59:15.396225
183	3	man	163	22:59:15.396231
183	4	woman	226	22:59:15.396240
183	4	woman	244	22:59:15.396245
183	4	woman	59	22:59:15.396250
184	1	man	223	22:59:15.549305
184	1	man	255	22:59:15.549346
184	1	man	99	22:59:15.549377
184	2	woman	122	22:59:15.549390
184	2	woman	294	22:59:15.549412
185	1	child	456	22:59:15.703333
185	1	child	461	22:59:15.703383
185	1	child	466	22:59:15.703394
185	2	man	229	22:59:15.703412
185	2	man	244	22:59:15.703423
185	2	man	49	22:59:15.703461
186	1	man	225	22:59:15.858699
186	1	man	243	22:59:15.858743
186	1	man	422	22:59:15.858830
186	2	man	177	22:59:15.858847
186	2	man	203	22:59:15.858855
186	2	man	108	22:59:15.858879
187	1	woman	241	22:59:16.014983
187	1	woman	138	22:59:16.015030
187	1	woman	199	22:59:16.015042
187	1	woman	396	22:59:16.015077
188	1	man	223	22:59:16.168201
188	1	man	252	22:59:16.168248
188	1	man	77	22:59:16.168259
188	2	man	230	22:59:16.168273
188	2	man	253	22:59:16.168280
188	2	man	35	22:59:16.168312
188	3	man	221	22:59:16.168324
188	3	man	241	22:59:16.168331
188	3	man	103	22:59:16.168344
188	4	man	206	22:59:16.168355
188	4	man	148	22:59:16.168362
188	4	man	108	22:59:16.168369
188	5	man	223	22:59:16.168378
188	5	man	164	22:59:16.168386
188	5	man	111	22:59:16.168392
188	6	man	229	22:59:16.168401
188	6	man	189	22:59:16.168408
188	6	man	101	22:59:16.168414
188	6	man	88	22:59:16.168420
188	7	man	234	22:59:16.168430
188	7	man	258	22:59:16.168437
188	7	man	242	22:59:16.168443
188	8	man	216	22:59:16.168452
188	8	man	252	22:59:16.168459
188	8	man	65	22:59:16.168471
188	9	woman	149	22:59:16.168482
188	9	woman	158	22:59:16.168488
188	9	woman	343	22:59:16.168511
188	10	man	211	22:59:16.168521
188	10	man	253	22:59:16.168527
188	10	man	85	22:59:16.168539
189	1	woman	203	22:59:16.327167
189	1	woman	166	22:59:16.327215
189	1	woman	129	22:59:16.327231
189	2	child	448	22:59:16.327245
189	2	child	444	22:59:16.327254
189	2	child	471	22:59:16.327261
189	3	woman	151	22:59:16.327273
189	3	woman	165	22:59:16.327280
189	3	woman	421	22:59:16.327307
189	4	child	446	22:59:16.327317
189	4	child	469	22:59:16.327324
189	5	man	233	22:59:16.327334
189	5	man	262	22:59:16.327341
189	6	man	218	22:59:16.327350
189	6	man	245	22:59:16.327358
189	6	man	368	22:59:16.327371
189	7	man	223	22:59:16.327380
189	7	man	240	22:59:16.327387
189	7	man	9	22:59:16.327411
189	8	man	216	22:59:16.327420
189	8	man	240	22:59:16.327426
189	8	man	95	22:59:16.327438
190	1	man	233	22:59:16.490973
190	1	man	264	22:59:16.491014
190	1	man	254	22:59:16.491025
190	2	man	234	22:59:16.491035
190	2	man	248	22:59:16.491043
190	2	man	59	22:59:16.491070
191	1	woman	59	22:59:16.655594
191	1	woman	55	22:59:16.655634
191	2	woman	238	22:59:16.655649
191	2	woman	265	22:59:16.655657
191	2	woman	121	22:59:16.655667
191	3	man	217	22:59:16.655677
191	3	man	249	22:59:16.655684
191	3	man	409	22:59:16.655711
192	1	woman	238	22:59:16.822393
192	1	woman	247	22:59:16.822446
192	1	woman	381	22:59:16.822488
192	2	woman	236	22:59:16.822507
192	2	woman	318	22:59:16.822524
192	2	woman	160	22:59:16.822536
193	1	man	169	22:59:16.990661
193	1	man	207	22:59:16.990713
193	1	man	112	22:59:16.990760
193	2	woman	203	22:59:16.990795
193	2	woman	198	22:59:16.990807
193	2	woman	364	22:59:16.990836
194	1	man	179	22:59:17.160160
194	1	man	209	22:59:17.160210
194	1	man	97	22:59:17.160254
194	2	woman	151	22:59:17.160274
194	2	woman	168	22:59:17.160286
194	2	woman	378	22:59:17.160321
194	3	woman	158	22:59:17.160340
194	3	woman	144	22:59:17.160352
194	4	woman	162	22:59:17.160366
194	4	woman	296	22:59:17.160377
194	4	woman	127	22:59:17.160388
194	5	woman	222	22:59:17.160400
194	5	woman	61	22:59:17.160409
194	6	man	197	22:59:17.160422
194	6	man	30	22:59:17.160432
194	6	man	166	22:59:17.160440
195	1	woman	168	22:59:17.329777
195	1	woman	278	22:59:17.329846
195	2	man	219	22:59:17.329864
195	2	man	248	22:59:17.329874
195	2	man	34	22:59:17.329902
196	1	child	118	22:59:17.500531
196	1	child	467	22:59:17.500587
196	2	man	218	22:59:17.500608
196	2	man	244	22:59:17.500621
196	2	man	56	22:59:17.500657
197	1	woman	205	22:59:17.672421
197	1	woman	168	22:59:17.672477
197	1	woman	143	22:59:17.672496
197	2	woman	232	22:59:17.672513
197	2	woman	254	22:59:17.672525
197	2	woman	54	22:59:17.672535
197	3	woman	237	22:59:17.672549
197	3	woman	265	22:59:17.672558
197	3	woman	115	22:59:17.672568
197	4	man	222	22:59:17.672581
197	4	man	158	22:59:17.672590
197	4	man	110	22:59:17.672599
198	1	woman	117	22:59:17.847268
198	1	woman	376	22:59:17.847331
198	2	man	223	22:59:17.847346
198	2	man	156	22:59:17.847354
198	2	man	110	22:59:17.847361
198	3	woman	165	22:59:17.847369
198	3	woman	198	22:59:17.847377
198	3	woman	290	22:59:17.847388
198	4	man	222	22:59:17.847396
198	4	man	244	22:59:17.847403
198	4	man	77	22:59:17.847408
198	5	man	234	22:59:17.847415
198	5	man	244	22:59:17.847420
198	5	man	70	22:59:17.847441
198	6	man	231	22:59:17.847449
198	6	man	250	22:59:17.847454
198	6	man	83	22:59:17.847464
198	7	man	169	22:59:17.847473
198	7	man	204	22:59:17.847479
198	7	man	104	22:59:17.847488
198	8	man	220	22:59:17.847496
198	8	man	255	22:59:17.847501
198	8	man	375	22:59:17.847510
198	9	child	445	22:59:17.847519
198	9	child	466	22:59:17.847525
199	1	man	224	22:59:18.028592
199	1	man	188	22:59:18.028645
199	1	man	94	22:59:18.028659
199	2	man	234	22:59:18.028674
199	2	man	261	22:59:18.028685
200	1	woman	126	22:59:18.207226
200	1	woman	361	22:59:18.207296
200	2	woman	55	22:59:18.207314
200	2	woman	74	22:59:18.207322
201	1	woman	159	22:59:18.387449
201	1	woman	318	22:59:18.387533
201	2	woman	238	22:59:18.387557
201	2	woman	284	22:59:18.387579
201	2	woman	165	22:59:18.387590
201	3	woman	209	22:59:18.387607
201	3	woman	198	22:59:18.387619
201	3	woman	429	22:59:18.387637
201	4	man	222	22:59:18.387652
201	4	man	242	22:59:18.387664
201	4	man	93	22:59:18.387698
202	1	man	198	22:59:18.571165
202	1	man	209	22:59:18.571230
202	1	man	102	22:59:18.571291
202	2	woman	147	22:59:18.571326
202	2	woman	165	22:59:18.571344
202	2	woman	297	22:59:18.571385
203	1	man	226	22:59:18.756365
203	1	man	245	22:59:18.756424
203	1	man	99	22:59:18.756468
203	2	man	211	22:59:18.756488
203	2	man	194	22:59:18.756502
203	2	man	74	22:59:18.756521
204	1	man	236	22:59:18.942899
204	1	man	254	22:59:18.942949
204	1	man	58	22:59:18.942981
204	2	woman	159	22:59:18.942996
204	2	woman	137	22:59:18.943005
204	3	woman	222	22:59:18.943014
204	3	woman	63	22:59:18.943019
204	4	man	172	22:59:18.943028
204	4	man	208	22:59:18.943034
204	4	man	3	22:59:18.943044
204	5	woman	67	22:59:18.943052
204	5	woman	260	22:59:18.943058
205	1	man	228	22:59:19.133534
205	1	man	183	22:59:19.133576
205	1	man	100	22:59:19.133585
205	1	man	97	22:59:19.133592
205	2	woman	57	22:59:19.133603
205	2	woman	56	22:59:19.133609
205	3	woman	146	22:59:19.133618
205	3	woman	157	22:59:19.133627
205	3	woman	422	22:59:19.133654
206	1	woman	179	22:59:19.322239
206	1	woman	57	22:59:19.322283
206	1	woman	141	22:59:19.322299
206	2	man	234	22:59:19.322313
206	2	man	261	22:59:19.322323
207	1	man	219	22:59:19.512972
207	1	man	247	22:59:19.513019
207	1	man	380	22:59:19.513052
207	2	woman	238	22:59:19.513067
207	2	woman	244	22:59:19.513075
207	2	woman	355	22:59:19.513088
207	3	man	207	22:59:19.513100
207	3	man	148	22:59:19.513107
207	3	man	105	22:59:19.513114
207	4	man	234	22:59:19.513124
207	4	man	261	22:59:19.513131
207	4	man	244	22:59:19.513137
208	1	man	204	22:59:19.707241
208	1	man	148	22:59:19.707286
208	1	man	106	22:59:19.707297
208	2	woman	228	22:59:19.707310
208	2	woman	245	22:59:19.707320
208	2	woman	59	22:59:19.707327
209	1	man	220	22:59:19.903387
209	1	man	242	22:59:19.903433
209	1	man	382	22:59:19.903467
209	2	woman	174	22:59:19.903483
209	2	woman	54	22:59:19.903492
209	2	woman	122	22:59:19.903502
210	1	man	221	22:59:20.101212
210	1	man	252	22:59:20.101262
210	1	man	278	22:59:20.101295
210	2	woman	236	22:59:20.101311
210	2	woman	393	22:59:20.101326
210	2	woman	158	22:59:20.101335
210	3	woman	207	22:59:20.101346
210	3	woman	193	22:59:20.101355
210	3	woman	398	22:59:20.101368
211	1	woman	192	22:59:20.297073
211	1	woman	301	22:59:20.297138
211	2	woman	236	22:59:20.297156
211	2	woman	243	22:59:20.297165
211	2	woman	322	22:59:20.297179
211	3	man	223	22:59:20.297190
211	3	man	165	22:59:20.297199
211	3	man	111	22:59:20.297205
211	4	woman	168	22:59:20.297214
211	4	woman	198	22:59:20.297221
211	4	woman	395	22:59:20.297233
212	1	woman	55	22:59:20.496876
212	1	woman	55	22:59:20.496920
212	2	woman	237	22:59:20.496937
212	2	woman	248	22:59:20.496948
212	2	woman	317	22:59:20.496978
212	3	woman	74	22:59:20.496990
212	3	woman	74	22:59:20.497036
212	4	woman	192	22:59:20.497052
212	4	woman	414	22:59:20.497067
213	1	woman	223	22:59:20.700538
213	1	woman	70	22:59:20.700581
213	2	man	218	22:59:20.700599
213	2	man	243	22:59:20.700610
213	2	man	60	22:59:20.700641
214	1	woman	57	22:59:20.906284
214	1	woman	66	22:59:20.906363
214	2	man	196	22:59:20.906393
214	2	man	210	22:59:20.906409
214	2	man	45	22:59:20.906460
215	1	man	217	22:59:21.114395
215	1	man	244	22:59:21.114461
215	1	man	403	22:59:21.114506
215	2	man	221	22:59:21.114521
215	2	man	249	22:59:21.114529
215	2	man	72	22:59:21.114565
215	3	man	208	22:59:21.114577
215	3	man	152	22:59:21.114585
215	3	man	107	22:59:21.114592
215	4	man	200	22:59:21.114603
215	4	man	208	22:59:21.114609
215	4	man	85	22:59:21.114622
216	1	man	223	22:59:21.321690
216	1	man	251	22:59:21.321745
216	1	man	77	22:59:21.321760
216	2	woman	238	22:59:21.321778
216	2	woman	252	22:59:21.321790
216	2	woman	346	22:59:21.321826
216	3	woman	153	22:59:21.321843
216	3	woman	162	22:59:21.321854
216	3	woman	412	22:59:21.321872
216	4	woman	239	22:59:21.321885
216	4	woman	292	22:59:21.321902
216	4	woman	162	22:59:21.321911
217	1	man	214	22:59:21.533532
217	1	man	194	22:59:21.533578
217	1	man	36	22:59:21.533614
217	2	man	219	22:59:21.533627
217	2	man	248	22:59:21.533637
217	2	man	397	22:59:21.533660
217	3	man	223	22:59:21.533671
217	3	man	168	22:59:21.533679
217	3	man	111	22:59:21.533685
217	4	woman	205	22:59:21.533695
217	4	woman	164	22:59:21.533702
217	4	woman	116	22:59:21.533711
217	5	man	222	22:59:21.533720
217	5	man	250	22:59:21.533727
217	5	man	79	22:59:21.533733
217	6	man	199	22:59:21.533742
217	6	man	209	22:59:21.533748
217	6	man	72	22:59:21.533761
217	7	woman	201	22:59:21.533770
217	7	woman	370	22:59:21.533783
217	8	woman	62	22:59:21.533792
217	8	woman	66	22:59:21.533798
218	1	woman	251	22:59:21.754947
218	1	woman	139	22:59:21.754989
218	1	woman	200	22:59:21.754998
218	1	woman	341	22:59:21.755027
218	2	woman	117	22:59:21.755039
218	2	woman	136	22:59:21.755045
218	3	man	234	22:59:21.755055
218	3	man	264	22:59:21.755061
218	4	man	194	22:59:21.755069
218	4	man	208	22:59:21.755075
218	4	man	34	22:59:21.755097
218	5	man	212	22:59:21.755105
218	5	man	250	22:59:21.755110
218	5	man	4	22:59:21.755121
218	6	man	206	22:59:21.755129
218	6	man	146	22:59:21.755134
218	6	man	106	22:59:21.755139
218	7	woman	157	22:59:21.755147
218	7	woman	284	22:59:21.755158
219	1	woman	165	22:59:21.985145
219	1	woman	275	22:59:21.985190
219	1	woman	125	22:59:21.985200
219	2	child	443	22:59:21.985212
219	2	child	466	22:59:21.985219
220	1	child	444	22:59:22.218035
220	1	child	467	22:59:22.218092
220	2	man	233	22:59:22.218122
220	2	man	253	22:59:22.218138
220	2	man	59	22:59:22.218182
221	1	woman	120	22:59:22.447914
221	1	woman	142	22:59:22.447975
221	2	man	228	22:59:22.447998
221	2	man	256	22:59:22.448011
221	2	man	36	22:59:22.448052
221	3	man	224	22:59:22.448070
221	3	man	184	22:59:22.448082
221	3	man	96	22:59:22.448090
221	4	woman	222	22:59:22.448104
221	4	woman	61	22:59:22.448113
221	5	woman	164	22:59:22.448126
221	5	woman	145	22:59:22.448135
221	6	man	233	22:59:22.448147
221	6	man	260	22:59:22.448157
222	1	man	234	22:59:22.686367
222	1	man	258	22:59:22.686409
222	1	man	251	22:59:22.686420
222	2	woman	53	22:59:22.686431
222	2	woman	73	22:59:22.686439
222	3	woman	210	22:59:22.686460
222	3	woman	198	22:59:22.686474
222	3	woman	316	22:59:22.686508
222	4	woman	64	22:59:22.686520
222	4	woman	69	22:59:22.686526
222	5	woman	160	22:59:22.686534
222	5	woman	295	22:59:22.686540
222	5	woman	127	22:59:22.686546
222	6	man	233	22:59:22.686553
222	6	man	260	22:59:22.686558
222	6	man	250	22:59:22.686564
223	1	man	228	22:59:22.934036
223	1	man	190	22:59:22.934077
223	1	man	99	22:59:22.934087
223	1	man	97	22:59:22.934093
223	2	woman	228	22:59:22.934103
223	2	woman	249	22:59:22.934111
223	2	woman	59	22:59:22.934117
224	1	man	222	22:59:23.184709
224	1	man	243	22:59:23.184770
224	1	man	78	22:59:23.184789
224	2	man	172	22:59:23.184812
224	2	man	206	22:59:23.184828
224	2	man	60	22:59:23.184869
224	3	man	222	22:59:23.184886
224	3	man	242	22:59:23.184897
224	3	man	61	22:59:23.184918
225	1	woman	209	22:59:23.434337
225	1	woman	201	22:59:23.434397
225	1	woman	308	22:59:23.434444
225	2	child	459	22:59:23.434468
225	2	child	464	22:59:23.434482
225	2	child	468	22:59:23.434494
226	1	man	217	22:59:23.687344
226	1	man	240	22:59:23.687423
226	1	man	77	22:59:23.687467
226	2	man	218	22:59:23.687485
226	2	man	246	22:59:23.687497
226	2	man	59	22:59:23.687515
227	1	man	221	22:59:23.943405
227	1	man	240	22:59:23.943447
227	1	man	413	22:59:23.943476
227	2	man	217	22:59:23.943490
227	2	man	252	22:59:23.943496
227	2	man	277	22:59:23.943507
228	1	woman	120	22:59:24.203163
228	1	woman	133	22:59:24.203221
228	2	man	235	22:59:24.203245
228	2	man	201	22:59:24.203258
228	2	man	17	22:59:24.203269
228	3	man	193	22:59:24.203285
228	3	man	208	22:59:24.203295
228	3	man	36	22:59:24.203333
229	1	man	239	22:59:24.461303
229	1	man	200	22:59:24.461347
229	1	man	19	22:59:24.461356
229	2	man	204	22:59:24.461368
229	2	man	151	22:59:24.461375
229	2	man	106	22:59:24.461380
229	3	woman	120	22:59:24.461390
229	3	woman	144	22:59:24.461397
229	4	woman	175	22:59:24.461406
229	4	woman	59	22:59:24.461411
229	4	woman	145	22:59:24.461420
229	5	man	217	22:59:24.461429
229	5	man	244	22:59:24.461436
229	5	man	415	22:59:24.461464
230	1	man	225	22:59:24.729083
230	1	man	256	22:59:24.729127
230	1	man	420	22:59:24.729162
230	2	man	192	22:59:24.729183
230	2	man	204	22:59:24.729195
230	2	man	14	22:59:24.729231
231	1	woman	67	22:59:25.000850
231	1	woman	263	22:59:25.000957
231	2	man	223	22:59:25.000993
231	2	man	243	22:59:25.001029
231	2	man	59	22:59:25.001146
231	3	man	216	22:59:25.001222
231	3	man	254	22:59:25.001248
231	3	man	44	22:59:25.001274
232	1	woman	124	22:59:25.271623
232	1	woman	403	22:59:25.271692
232	2	woman	73	22:59:25.271715
232	2	woman	69	22:59:25.271723
233	1	man	215	22:59:25.546229
233	1	man	247	22:59:25.546294
233	1	man	58	22:59:25.546339
233	2	woman	176	22:59:25.546360
233	2	woman	58	22:59:25.546371
233	2	woman	128	22:59:25.546385
234	1	man	236	22:59:25.825128
234	1	man	252	22:59:25.825174
234	1	man	74	22:59:25.825207
234	2	woman	181	22:59:25.825220
234	2	woman	54	22:59:25.825227
234	2	woman	118	22:59:25.825236
234	3	man	227	22:59:25.825245
234	3	man	189	22:59:25.825251
234	3	man	102	22:59:25.825256
234	3	man	96	22:59:25.825261
234	4	man	209	22:59:25.825269
234	4	man	152	22:59:25.825274
234	4	man	106	22:59:25.825279
234	5	man	234	22:59:25.825286
234	5	man	257	22:59:25.825292
234	5	man	247	22:59:25.825297
235	1	man	222	22:59:26.115469
235	1	man	249	22:59:26.115514
235	1	man	77	22:59:26.115524
235	2	woman	60	22:59:26.115536
235	2	woman	76	22:59:26.115542
236	1	woman	193	22:59:26.402474
236	1	woman	364	22:59:26.402540
236	2	woman	160	22:59:26.402555
236	2	woman	195	22:59:26.402562
236	2	woman	360	22:59:26.402573
236	3	man	203	22:59:26.402583
236	3	man	155	22:59:26.402589
236	3	man	106	22:59:26.402596
236	4	woman	125	22:59:26.402604
236	4	woman	323	22:59:26.402615
236	5	woman	71	22:59:26.402625
236	5	woman	258	22:59:26.402631
236	6	man	233	22:59:26.402638
236	6	man	255	22:59:26.402645
236	6	man	40	22:59:26.402666
237	1	woman	161	22:59:26.704585
237	1	woman	200	22:59:26.704627
237	1	woman	336	22:59:26.704658
237	2	man	226	22:59:26.704671
237	2	man	248	22:59:26.704680
237	2	man	19	22:59:26.704703
238	1	man	204	22:59:27.012137
238	1	man	155	22:59:27.012181
238	1	man	105	22:59:27.012190
238	2	woman	149	22:59:27.012200
238	2	woman	162	22:59:27.012208
238	2	woman	340	22:59:27.012237
239	1	man	226	22:59:27.316185
239	1	man	252	22:59:27.316259
239	1	man	72	22:59:27.316316
239	2	man	222	22:59:27.316337
239	2	man	252	22:59:27.316351
239	2	man	1	22:59:27.316374
239	3	man	234	22:59:27.316393
239	3	man	250	22:59:27.316404
239	3	man	74	22:59:27.316426
239	4	man	224	22:59:27.316442
239	4	man	186	22:59:27.316455
239	4	man	92	22:59:27.316468
239	5	woman	114	22:59:27.316484
239	5	woman	140	22:59:27.316496
239	6	woman	122	22:59:27.316582
239	6	woman	135	22:59:27.316598
239	7	man	203	22:59:27.316615
239	7	man	146	22:59:27.316627
239	7	man	108	22:59:27.316637
239	8	man	236	22:59:27.316653
239	8	man	243	22:59:27.316665
239	8	man	87	22:59:27.316688
240	1	woman	123	22:59:27.644754
240	1	woman	421	22:59:27.644872
240	2	woman	202	22:59:27.644898
240	2	woman	379	22:59:27.644920
241	1	man	235	22:59:27.979307
241	1	man	198	22:59:27.979360
241	1	man	19	22:59:27.979374
241	2	woman	161	22:59:27.979394
241	2	woman	361	22:59:27.979433
241	3	man	233	22:59:27.979448
241	3	man	252	22:59:27.979459
241	3	man	108	22:59:27.979490
242	1	woman	239	22:59:28.324628
242	1	woman	256	22:59:28.324681
242	1	woman	403	22:59:28.324723
242	2	woman	237	22:59:28.324743
242	2	woman	247	22:59:28.324754
242	2	woman	405	22:59:28.324772
242	3	woman	223	22:59:28.324787
242	3	woman	66	22:59:28.324797
242	4	man	208	22:59:28.324812
242	4	man	154	22:59:28.324822
242	4	man	107	22:59:28.324830
242	5	woman	239	22:59:28.324841
242	5	woman	322	22:59:28.324858
242	5	woman	167	22:59:28.324869
242	6	woman	232	22:59:28.324881
242	6	woman	241	22:59:28.324889
242	6	woman	56	22:59:28.324898
242	7	woman	223	22:59:28.324909
242	7	woman	60	22:59:28.324918
242	8	woman	226	22:59:28.324929
242	8	woman	251	22:59:28.324938
242	8	woman	55	22:59:28.324946
243	1	woman	196	22:59:28.690468
243	1	woman	429	22:59:28.690588
243	2	man	222	22:59:28.690618
243	2	man	256	22:59:28.690635
243	2	man	58	22:59:28.690679
243	3	woman	249	22:59:28.690697
243	3	woman	134	22:59:28.690712
243	3	woman	197	22:59:28.690723
243	3	woman	422	22:59:28.690745
243	4	man	229	22:59:28.690763
243	4	man	248	22:59:28.690774
243	4	man	112	22:59:28.690796
243	5	woman	114	22:59:28.690813
243	5	woman	387	22:59:28.690834
243	6	man	204	22:59:28.690851
243	6	man	150	22:59:28.690862
243	6	man	108	22:59:28.690872
243	7	man	196	22:59:28.690886
243	7	man	30	22:59:28.690897
243	7	man	166	22:59:28.690908
244	1	woman	180	22:59:29.087723
244	1	woman	55	22:59:29.087763
244	1	woman	116	22:59:29.087777
244	2	man	233	22:59:29.087791
244	2	man	264	22:59:29.087799
244	2	man	243	22:59:29.087806
244	3	woman	53	22:59:29.087814
244	3	woman	58	22:59:29.087820
244	4	man	198	22:59:29.087829
244	4	man	208	22:59:29.087835
244	4	man	87	22:59:29.087861
244	5	man	202	22:59:29.087868
244	5	man	30	22:59:29.087874
244	5	man	168	22:59:29.087879
244	6	man	236	22:59:29.087887
244	6	man	198	22:59:29.087892
244	6	man	19	22:59:29.087896
244	7	woman	119	22:59:29.087904
244	7	woman	138	22:59:29.087909
244	8	man	223	22:59:29.087917
244	8	man	256	22:59:29.087924
244	8	man	24	22:59:29.087936
244	9	woman	166	22:59:29.087944
244	9	woman	192	22:59:29.087951
244	9	woman	297	22:59:29.087971
244	10	man	218	22:59:29.087980
244	10	man	256	22:59:29.087985
244	10	man	355	22:59:29.087995
244	11	man	197	22:59:29.088002
244	11	man	208	22:59:29.088007
244	11	man	8	22:59:29.088017
245	1	woman	236	22:59:29.532965
245	1	woman	266	22:59:29.533011
245	1	woman	140	22:59:29.533027
245	2	woman	56	22:59:29.533041
245	2	woman	53	22:59:29.533048
245	3	woman	166	22:59:29.533059
245	3	woman	145	22:59:29.533067
245	4	man	222	22:59:29.533078
245	4	man	243	22:59:29.533087
245	4	man	87	22:59:29.533116
245	5	woman	239	22:59:29.533126
245	5	woman	406	22:59:29.533150
245	5	woman	159	22:59:29.533157
245	6	man	212	22:59:29.533166
245	6	man	245	22:59:29.533173
245	6	man	43	22:59:29.533186
246	1	woman	230	22:59:30.019874
246	1	woman	248	22:59:30.019916
246	1	woman	54	22:59:30.019925
246	2	man	224	22:59:30.019937
246	2	man	256	22:59:30.019943
246	2	man	290	22:59:30.019979
247	1	woman	159	22:59:30.506025
247	1	woman	134	22:59:30.506071
247	2	woman	58	22:59:30.506088
247	2	woman	64	22:59:30.506098
247	3	woman	164	22:59:30.506109
247	3	woman	197	22:59:30.506118
247	3	woman	388	22:59:30.506149
247	4	man	225	22:59:30.506160
247	4	man	189	22:59:30.506168
247	4	man	96	22:59:30.506175
247	5	man	192	22:59:30.506184
247	5	man	208	22:59:30.506192
247	5	man	87	22:59:30.506215
247	6	woman	169	22:59:30.506226
247	6	woman	56	22:59:30.506233
247	6	woman	125	22:59:30.506242
248	1	man	233	22:59:31.044841
248	1	man	253	22:59:31.044896
248	1	man	43	22:59:31.044941
248	2	man	234	22:59:31.044959
248	2	man	260	22:59:31.044970
248	3	woman	149	22:59:31.044985
248	3	woman	167	22:59:31.044996
248	3	woman	403	22:59:31.045026
248	4	woman	236	22:59:31.045040
248	4	woman	400	22:59:31.045057
248	4	woman	163	22:59:31.045066
248	5	man	230	22:59:31.045080
248	5	man	184	22:59:31.045090
248	5	man	104	22:59:31.045098
248	5	man	94	22:59:31.045106
248	6	man	225	22:59:31.045119
248	6	man	240	22:59:31.045128
248	6	man	384	22:59:31.045144
249	1	man	230	22:59:31.628307
249	1	man	182	22:59:31.628350
249	1	man	98	22:59:31.628360
249	1	man	92	22:59:31.628367
249	2	man	175	22:59:31.628379
249	2	man	210	22:59:31.628386
249	2	man	39	22:59:31.628415
250	1	man	224	22:59:32.236184
250	1	man	184	22:59:32.236226
250	1	man	91	22:59:32.236237
250	2	man	205	22:59:32.236248
250	2	man	148	22:59:32.236256
250	2	man	108	22:59:32.236262
251	1	woman	237	22:59:32.848914
251	1	woman	265	22:59:32.848959
251	1	woman	144	22:59:32.848975
251	2	man	196	22:59:32.848990
251	2	man	209	22:59:32.848999
251	2	man	26	22:59:32.849030
251	3	woman	54	22:59:32.849040
251	3	woman	70	22:59:32.849048
251	4	child	448	22:59:32.849058
251	4	child	445	22:59:32.849066
251	4	child	466	22:59:32.849072
251	5	man	236	22:59:32.849083
251	5	man	193	22:59:32.849090
251	5	man	19	22:59:32.849096
252	1	man	216	22:59:33.536797
252	1	man	192	22:59:33.536877
252	1	man	98	22:59:33.536934
252	2	man	197	22:59:33.536953
252	2	man	209	22:59:33.536967
252	2	man	49	22:59:33.536986
253	1	man	233	22:59:34.234478
253	1	man	257	22:59:34.234536
254	1	woman	239	22:59:34.923659
254	1	woman	250	22:59:34.923719
254	1	woman	352	22:59:34.923763
254	2	man	233	22:59:34.923783
254	2	man	257	22:59:34.923796
254	3	man	233	22:59:34.923811
254	3	man	247	22:59:34.923821
254	3	man	107	22:59:34.923853
254	4	woman	206	22:59:34.923868
254	4	woman	161	22:59:34.923879
254	4	woman	122	22:59:34.923891
254	5	man	211	22:59:34.923904
254	5	man	193	22:59:34.923915
254	5	man	21	22:59:34.923932
254	6	man	224	22:59:34.923945
254	6	man	246	22:59:34.923954
254	6	man	385	22:59:34.923972
255	1	woman	238	22:59:35.743365
255	1	woman	245	22:59:35.743421
255	1	woman	419	22:59:35.743467
255	2	woman	226	22:59:35.743492
255	2	woman	246	22:59:35.743506
255	2	woman	57	22:59:35.743517
256	1	woman	203	22:59:36.584287
256	1	woman	194	22:59:36.584332
256	1	woman	434	22:59:36.584367
257	1	man	234	22:59:37.419538
257	1	man	261	22:59:37.419601
257	1	man	245	22:59:37.419624
257	2	man	223	22:59:37.419650
257	2	man	252	22:59:37.419665
257	2	man	28	22:59:37.419708
257	3	woman	61	22:59:37.419727
257	3	woman	73	22:59:37.419739
257	4	woman	164	22:59:37.419759
257	4	woman	276	22:59:37.419798
257	5	man	238	22:59:37.419819
257	5	man	193	22:59:37.419834
257	5	man	18	22:59:37.419846
257	6	woman	236	22:59:37.419862
257	6	woman	306	22:59:37.419886
257	6	woman	163	22:59:37.419901
257	7	woman	237	22:59:37.419919
257	7	woman	265	22:59:37.419932
257	7	woman	122	22:59:37.419949
257	8	man	231	22:59:37.419968
257	8	man	241	22:59:37.419983
257	8	man	62	22:59:37.420011
257	9	man	209	22:59:37.420029
257	9	man	146	22:59:37.420045
257	9	man	106	22:59:37.420058
257	10	man	225	22:59:37.420075
257	10	man	249	22:59:37.420088
257	10	man	340	22:59:37.420111
257	11	man	192	22:59:37.420130
257	11	man	30	22:59:37.420142
257	11	man	167	22:59:37.420154
257	12	man	209	22:59:37.420172
257	12	man	149	22:59:37.420184
257	12	man	107	22:59:37.420195
258	1	man	239	22:59:38.794095
258	1	man	195	22:59:38.794159
258	1	man	17	22:59:38.794177
258	2	woman	175	22:59:38.794200
258	2	woman	59	22:59:38.794213
258	2	woman	138	22:59:38.794231
259	1	man	219	22:59:40.286436
259	1	man	242	22:59:40.286479
259	1	man	336	22:59:40.286510
259	2	man	238	22:59:40.286523
259	2	man	196	22:59:40.286530
259	2	man	19	22:59:40.286536
260	1	woman	250	22:59:41.855974
260	1	woman	142	22:59:41.856018
260	1	woman	194	22:59:41.856030
260	1	woman	386	22:59:41.856100
260	2	woman	169	22:59:41.856118
260	2	woman	53	22:59:41.856127
260	2	woman	138	22:59:41.856138
261	1	man	234	22:59:43.625028
261	1	man	264	22:59:43.625076
261	2	man	220	22:59:43.625094
261	2	man	247	22:59:43.625103
261	2	man	297	22:59:43.625135
262	1	man	193	22:59:45.569851
262	1	man	204	22:59:45.569898
262	1	man	103	22:59:45.569934
262	2	man	225	22:59:45.569948
262	2	man	256	22:59:45.569957
262	2	man	425	22:59:45.569981
263	1	man	224	22:59:47.794365
263	1	man	182	22:59:47.794418
263	1	man	94	22:59:47.794430
263	2	man	227	22:59:47.794446
263	2	man	243	22:59:47.794458
263	2	man	16	22:59:47.794498
264	1	woman	126	22:59:50.534692
264	1	woman	349	22:59:50.534780
264	2	man	225	22:59:50.534809
264	2	man	186	22:59:50.534826
264	2	man	89	22:59:50.534841
265	1	woman	239	22:59:54.178327
265	1	woman	243	22:59:54.178380
265	1	woman	354	22:59:54.178421
265	2	man	221	22:59:54.178438
265	2	man	246	22:59:54.178448
265	2	man	27	22:59:54.178480
265	3	woman	238	22:59:54.178493
265	3	woman	266	22:59:54.178504
265	3	woman	123	22:59:54.178518
265	4	man	214	22:59:54.178530
265	4	man	202	22:59:54.178539
265	4	man	27	22:59:54.178555
265	5	woman	127	22:59:54.178566
265	5	woman	398	22:59:54.178581
265	6	woman	157	22:59:54.178594
265	6	woman	195	22:59:54.178604
265	6	woman	327	22:59:54.178618
265	7	man	224	22:59:54.178629
265	7	man	189	22:59:54.178638
265	7	man	96	22:59:54.178645
265	8	woman	170	22:59:54.178657
265	8	woman	54	22:59:54.178664
265	8	woman	125	22:59:54.178672
265	9	man	173	22:59:54.178682
265	9	man	205	22:59:54.178690
265	9	man	38	22:59:54.178704
265	10	man	233	22:59:54.178714
265	10	man	260	22:59:54.178723
265	11	woman	236	22:59:54.178733
265	11	woman	243	22:59:54.178740
265	11	woman	351	22:59:54.178753
265	12	man	223	22:59:54.178764
265	12	man	250	22:59:54.178771
265	12	man	78	22:59:54.178777
266	1	woman	231	23:00:00.179157
266	1	woman	253	23:00:00.179202
266	1	woman	53	23:00:00.179213
266	2	man	227	23:00:00.179226
266	2	man	251	23:00:00.179235
266	2	man	104	23:00:00.179266
266	3	man	223	23:00:00.179278
266	3	man	168	23:00:00.179286
266	3	man	111	23:00:00.179292
266	4	woman	158	23:00:00.179301
266	4	woman	202	23:00:00.179309
266	4	woman	320	23:00:00.179331
266	5	child	450	23:00:00.179343
266	5	child	464	23:00:00.179350
266	5	child	467	23:00:00.179356
267	1	woman	239	23:09:23.407708
267	1	woman	339	23:09:23.407877
267	1	woman	164	23:09:23.407964
267	2	man	222	23:09:23.408032
267	2	man	244	23:09:23.408048
267	2	man	79	23:09:23.408059
267	3	woman	159	23:09:23.408076
267	3	woman	138	23:09:23.408090
267	4	man	230	23:09:23.408106
267	4	man	246	23:09:23.408137
267	4	man	29	23:09:23.408181
267	5	man	233	23:09:23.408206
267	5	man	262	23:09:23.408218
267	6	man	212	23:09:23.408235
267	6	man	246	23:09:23.408246
267	6	man	101	23:09:23.408267
268	1	man	197	23:09:56.585822
268	1	man	209	23:09:56.585890
268	1	man	56	23:09:56.585949
268	2	woman	163	23:09:56.585978
268	2	woman	200	23:09:56.585994
268	2	woman	345	23:09:56.586034
268	3	man	235	23:09:56.586056
268	3	man	195	23:09:56.586069
268	3	man	17	23:09:56.586080
268	4	man	222	23:09:56.586098
268	4	man	248	23:09:56.586113
268	4	man	78	23:09:56.586124
268	5	woman	171	23:09:56.586142
268	5	woman	54	23:09:56.586153
268	5	woman	118	23:09:56.586170
268	6	woman	210	23:09:56.586186
268	6	woman	165	23:09:56.586199
268	6	woman	142	23:09:56.586213
268	7	man	233	23:09:56.586230
268	7	man	251	23:09:56.586242
268	7	man	50	23:09:56.586267
268	8	woman	167	23:09:56.586285
268	8	woman	280	23:09:56.586299
268	8	woman	124	23:09:56.586311
268	9	man	223	23:09:56.586327
268	9	man	162	23:09:56.586339
268	9	man	110	23:09:56.586349
268	10	man	218	23:09:56.586365
268	10	man	245	23:09:56.586377
268	10	man	90	23:09:56.586401
268	11	child	444	23:09:56.586421
268	11	child	468	23:09:56.586434
269	1	man	224	23:10:33.979863
269	1	man	246	23:10:33.979932
269	1	man	373	23:10:33.979984
269	2	woman	223	23:10:33.980011
269	2	woman	66	23:10:33.980027
270	1	man	211	23:11:11.865820
270	1	man	250	23:11:11.865926
270	1	man	100	23:11:11.865981
270	2	man	233	23:11:11.866006
270	2	man	246	23:11:11.866022
270	2	man	66	23:11:11.866048
270	3	woman	242	23:11:11.866069
270	3	woman	143	23:11:11.866084
270	3	woman	201	23:11:11.866097
270	3	woman	424	23:11:11.866133
270	4	woman	238	23:11:11.866153
270	4	woman	295	23:11:11.866178
270	4	woman	166	23:11:11.866192
270	5	woman	238	23:11:11.866209
270	5	woman	407	23:11:11.866232
270	5	woman	159	23:11:11.866244
270	6	woman	156	23:11:11.866262
270	6	woman	138	23:11:11.866274
270	7	man	224	23:11:11.866292
270	7	man	188	23:11:11.866305
270	7	man	94	23:11:11.866316
270	8	man	202	23:11:11.866334
270	8	man	209	23:11:11.866347
270	8	man	93	23:11:11.866372
270	9	woman	59	23:11:11.866389
270	9	woman	74	23:11:11.866401
271	1	man	239	23:11:54.225157
271	1	man	201	23:11:54.225225
271	1	man	19	23:11:54.225241
271	2	man	214	23:11:54.225262
271	2	man	247	23:11:54.225276
271	2	man	76	23:11:54.225318
271	3	woman	73	23:11:54.225336
271	3	woman	66	23:11:54.225348
271	4	man	238	23:11:54.225362
271	4	man	245	23:11:54.225373
271	4	man	17	23:11:54.225394
272	1	woman	168	23:12:38.567882
272	1	woman	290	23:12:38.568073
272	2	man	181	23:12:38.568137
272	2	man	209	23:12:38.568157
272	2	man	13	23:12:38.568204
272	3	man	202	23:12:38.568230
272	3	man	210	23:12:38.568243
272	3	man	58	23:12:38.568264
272	4	man	216	23:12:38.568281
272	4	man	245	23:12:38.568294
272	4	man	50	23:12:38.568314
273	1	woman	246	23:13:25.143830
273	1	woman	144	23:13:25.143902
273	1	woman	192	23:13:25.143920
273	1	woman	409	23:13:25.143963
273	2	man	198	23:13:25.143984
273	2	man	30	23:13:25.143996
273	2	man	168	23:13:25.144007
274	1	man	219	23:14:12.519078
274	1	man	247	23:14:12.519146
274	1	man	72	23:14:12.519197
274	2	child	123	23:14:12.519223
274	2	child	470	23:14:12.519237
274	3	woman	236	23:14:12.519256
274	3	woman	243	23:14:12.519267
274	3	woman	409	23:14:12.519301
274	4	woman	127	23:14:12.519318
274	4	woman	133	23:14:12.519331
274	5	woman	204	23:14:12.519346
274	5	woman	164	23:14:12.519358
274	5	woman	135	23:14:12.519370
274	6	man	227	23:14:12.519385
274	6	man	186	23:14:12.519396
274	6	man	98	23:14:12.519406
274	6	man	89	23:14:12.519415
274	7	man	234	23:14:12.519429
274	7	man	257	23:14:12.519441
274	7	man	245	23:14:12.519452
274	8	woman	210	23:14:12.519465
274	8	woman	202	23:14:12.519476
274	8	woman	404	23:14:12.519496
274	9	woman	209	23:14:12.519510
274	9	woman	194	23:14:12.519521
274	9	woman	399	23:14:12.519541
275	1	woman	249	23:15:07.678989
275	1	woman	134	23:15:07.679073
275	1	woman	198	23:15:07.679104
275	1	woman	335	23:15:07.679168
275	2	man	205	23:15:07.679213
275	2	man	153	23:15:07.679241
275	2	man	105	23:15:07.679263
275	3	woman	164	23:15:07.679296
275	3	woman	143	23:15:07.679322
275	4	man	208	23:15:07.679351
275	4	man	154	23:15:07.679373
275	4	man	108	23:15:07.679395
275	5	woman	236	23:15:07.679426
275	5	woman	266	23:15:07.679448
275	5	woman	125	23:15:07.679477
275	6	man	169	23:15:07.679511
275	6	man	207	23:15:07.679533
275	6	man	103	23:15:07.679588
276	1	man	223	23:16:09.297092
276	1	man	254	23:16:09.297164
276	1	man	99	23:16:09.297222
276	2	woman	222	23:16:09.297249
276	2	woman	75	23:16:09.297264
276	3	woman	157	23:16:09.297286
276	3	woman	140	23:16:09.297304
277	1	man	219	23:17:14.006592
277	1	man	244	23:17:14.006675
277	1	man	313	23:17:14.006740
277	2	woman	63	23:17:14.006773
277	2	woman	262	23:17:14.006792
277	3	woman	167	23:17:14.006816
277	3	woman	290	23:17:14.006835
277	3	woman	128	23:17:14.006852
278	1	man	220	23:18:22.231647
278	1	man	250	23:18:22.231714
278	1	man	347	23:18:22.231771
278	2	woman	207	23:18:22.231798
278	2	woman	168	23:18:22.231815
278	2	woman	136	23:18:22.231833
279	1	woman	208	23:19:32.427082
279	1	woman	156	23:19:32.427171
279	1	woman	139	23:19:32.427203
279	2	woman	166	23:19:32.427232
279	2	woman	138	23:19:32.427250
280	1	man	175	23:20:44.773405
280	1	man	204	23:20:44.773486
280	1	man	95	23:20:44.773546
281	1	woman	61	23:21:57.130565
281	1	woman	261	23:21:57.130670
281	2	woman	59	23:21:57.131125
281	2	woman	69	23:21:57.131156
281	3	woman	237	23:21:57.131184
281	3	woman	298	23:21:57.131270
281	3	woman	167	23:21:57.131287
281	4	woman	239	23:21:57.131307
281	4	woman	266	23:21:57.131321
281	4	woman	136	23:21:57.131340
281	5	man	208	23:21:57.131362
281	5	man	155	23:21:57.131375
281	5	man	106	23:21:57.131388
281	6	man	193	23:21:57.131407
281	6	man	30	23:21:57.131419
281	6	man	156	23:21:57.131431
281	7	woman	59	23:21:57.131445
281	7	woman	59	23:21:57.131455
281	8	woman	195	23:21:57.131469
281	8	woman	389	23:21:57.131490
282	1	man	232	23:23:30.803818
282	1	man	189	23:23:30.803920
282	1	man	99	23:23:30.803944
282	1	man	92	23:23:30.803964
282	2	woman	164	23:23:30.803996
282	2	woman	298	23:23:30.804022
282	2	woman	128	23:23:30.804040
283	1	child	452	23:25:08.817763
283	1	child	465	23:25:08.817842
283	1	child	470	23:25:08.817860
283	2	man	234	23:25:08.817883
283	2	man	263	23:25:08.817899
284	1	woman	229	23:26:51.799363
284	1	woman	250	23:26:51.799465
284	1	woman	54	23:26:51.799483
284	2	woman	239	23:26:51.799508
284	2	woman	437	23:26:51.799563
284	2	woman	162	23:26:51.799577
285	1	man	198	23:28:40.587566
285	1	man	30	23:28:40.587646
285	1	man	162	23:28:40.587668
285	2	man	220	23:28:40.587693
285	2	man	255	23:28:40.587711
285	2	man	313	23:28:40.587759
285	3	child	119	23:28:40.587785
285	3	child	470	23:28:40.587800
285	4	man	238	23:28:40.587820
285	4	man	254	23:28:40.587834
285	4	man	80	23:28:40.587873
285	5	woman	117	23:28:40.587893
285	5	woman	374	23:28:40.587919
286	1	man	236	23:31:03.537218
286	1	man	249	23:31:03.537293
286	1	man	31	23:31:03.537361
286	2	woman	168	23:31:03.537390
286	2	woman	297	23:31:03.537411
286	2	woman	125	23:31:03.537426
286	3	man	225	23:31:03.537446
286	3	man	190	23:31:03.537462
286	3	man	97	23:31:03.537474
286	4	man	216	23:31:03.537493
286	4	man	199	23:31:03.537507
286	4	man	44	23:31:03.537532
286	5	woman	156	23:31:03.537550
286	5	woman	336	23:31:03.537646
286	6	man	217	23:31:03.537668
286	6	man	251	23:31:03.537680
286	6	man	304	23:31:03.537704
286	7	woman	61	23:31:03.537722
286	7	woman	60	23:31:03.537735
286	8	woman	73	23:31:03.537751
286	8	woman	72	23:31:03.537763
286	9	man	223	23:31:03.537780
286	9	man	253	23:31:03.537792
286	9	man	78	23:31:03.537804
286	10	man	206	23:31:03.537822
286	10	man	149	23:31:03.537835
286	10	man	108	23:31:03.537846
287	1	man	239	23:41:17.408745
287	1	man	195	23:41:17.408819
287	1	man	18	23:41:17.408850
287	2	man	198	23:41:17.408882
287	2	man	205	23:41:17.408896
287	2	man	62	23:41:17.408951
